 "stadium_name" , "club_name" ,
 "Ferrycarrig Park" , "Wexford Youths" ,
 "Al-Shoalah Stadium" , "Al-Shoulla" ,
 "Al-Shoalah Stadium" , نادي الشعلة السعودي ,
 "Estadio Neza 86" , "Atlante" ,
 "Parque Asturias" , "Atlante" ,
 "Khao Kradong Stadium" , บุรีรัมย์ ยูไนเต็ด ,
 "Khao Kradong Stadium" , "Buriram United" ,
 "Kuressaare linnastaadion" , "Kuressaare" ,
 "Shanghai Stadium" , "Shanghai SIPG" ,
 "Shanghai Stadium" , "Shànghǎi Shànggǎng" ,
 "Shanghai Stadium" , 上海上港 ,
 上海体育场 , "Shanghai SIPG" ,
 上海体育场 , "Shànghǎi Shànggǎng" ,
 上海体育场 , 上海上港 ,
 "Stade TP Mazembe" , "TP Mazembe" ,
 "Estadio Neza 86" , "Neza" ,
 "Gudeok Stadium" , "Busan Transportation Corporation" ,
 "Gudeok Stadium" , 부산교통공사 ,
 "Arena Pantanal" , "Mixto" ,
 "Drill Field" , "Northwich Victoria" ,
 "Yurcak Field" , "Sky Blue FC" ,
 "Nakhon Sawan Stadium" , "Suphanburi F.C." ,
 "Nakhon Sawan Stadium" , สุพรรณบุรี เอฟซี ,
 "Lazur Stadium" , "Neftochimic" ,
 "Aguada Stadium" , "Puerto Rico United" ,
 "Estadio de Aguada" , "Puerto Rico United" ,
 "Ali Daei Stadium" , "Shahrdari Ardabil" ,
 ورزشگاه علی دائی , "Shahrdari Ardabil" ,
 "Celtic Park" , "Celtic" ,
 "Craven Cottage" , "Fulham Football Club" ,
 "Netanya Stadium" , "Maccabi Netanya" ,
 אצטדיון נתניה , "Maccabi Netanya" ,
 "Belson Stadium" , "F.C. New York" ,
 "Central Stadium" , "Nakhon Ratchasima Mazda FC" ,
 "Central Stadium" , นครราชสีมา มาสด้า เอฟซี ,
 "Parque Asturias" , "Club de Fútbol Asturias" ,
 "Astrodome" , "Houston Stars" ,
 "Tuvalu Sports Ground" , "Nui" ,
 "Tuvalu Sports Ground" , "Tamanuku" ,
 "Estadio Hanz Usko" , "ADET" ,
 "Villa Park" , "Aston Villa" ,
 "WakeMed Soccer Park" , "Carolina Courage" ,
 "Haji Agus Salim Stadium" , "PSP Padang" ,
 "Prince Mohammed Stadium" , "Mansheyat Bani Hasan" ,
 "Pamir Stadium" , "CSKA Pomir Dushanbe" ,
 "Lafort Arena" , "FC Lviv" ,
 "Stadio Gino Pistoni" , "Ivrea" ,
 "Penydarren Park" , "Merthyr Tydfil" ,
 "Pori Stadium" , "FC Jazz Pori" ,
 "Stadio Italia" , "Sorrento" ,
 "Tuvalu Sports Ground" , "FC Tofaga" ,
 "Tuvalu Sports Ground" , "FC Manu Laeva" ,
 "Tuvalu Sports Ground" , "FC Nanumaga" ,
 "Haji Agus Salim Stadium" , "Minangkabau F.C." ,
 "Kuntz Memorial Soccer Stadium" , "FC Indiana" ,
 "Stadio Mario Rigamonti" , "Brescia" ,
 "Craven Cottage" , "Fulham WFC" ,
 "Al Kuwait Sports Club Stadium" , "Kuwait SC" ,
 "Al Kuwait Sports Club Stadium" , نادي الكويت ,
 "Empire Stadium" , "Vancouver Royal Canadians" ,
 "The Lamex Stadium" , "Stevenage Town" ,
 "Dynamo Stadium" , "FC Kharkiv" ,
 "Pori Stadium" , "NiceFutis" ,
 "Cleveland Stadium" , "Cleveland Stokers" ,
 "Valga Keskstaadion" , "FC Valga Warrior" ,
 "Prince Mohammed Stadium" , "Etehad Al Zarqah" ,
 "Peel Park" , "Accrington Stanley" ,
 "Paide linnastaadion" , "Paide Linnameeskond" ,
 "King Abdullah Sport City Stadium" , "Al-Taawoun" ,
 "CSK ZSU Stadium" , "CSCA Kyiv" ,
 "Stadio Sandro Cabassi" , "Carpi" ,
 "Kalevi Keskstaadion" , "Tallinna Kalev" ,
 "Dolphins Stadium" , "Pattaya United" ,
 "Dolphins Stadium" , พัทยา ยูไนเต็ด ,
 "Khao Kradong Stadium" , "Wuachon United" ,
 "Khao Kradong Stadium" , วัวชน ยูไนเต็ด ,
 "Stadio Romeo Neri" , "Rimini" ,
 "Plant City Stadium" , "VSI Tampa Bay FC" ,
 "Bangalore Football Stadium" , "Bengaluru FC" ,
 "Dynamo Stadium" , "Dynamo GTS" ,
 "Fukushima Azuma Stadium" , "Fukushima United F.C." ,
 "Fukushima Azuma Stadium" , "福島ユナイテッドFC" ,
 "Estadio Mateo Flores" , "Municipal" ,
 "Arlington Stadium" , "Dallas Tornado" ,
 "Dwight Yorke Stadium" , "Tobago United" ,
 "Sears Centre" , "Chicago Soul" ,
 "Stade Pierre-Mauroy" , "LOSC" ,
 "Velký strahovský stadion" , "Sparta Prague" ,
 "City of Birmingham Stadium" , "Birmingham City F.C." ,
 "iPro Stadium" , "Derby County" ,
 "Raydale Park" , "Gretna" ,
 "Raydale Park" , "Gretna 2008" ,
 "Jules Ottenstadion" , "KAA Gent" ,
 "Mizuho Athletic Stadium" , "Nagoya Grampus" ,
 "Mizuho Athletic Stadium" , 名古屋グランパス ,
 "Leichhardt Oval" , "Sydney Olympic" ,
 "Stadio Domenico Francioni" , "Latina" ,
 "WakeMed Soccer Park" , "Carolina RailHawks" ,
 "Sears Centre" , "Chicago Mustangs" ,
 "Astrodome" , "Houston Hurricane" ,
 "Incheon Football Stadium" , "Incheon United" ,
 "Incheon Football Stadium" , 인천 유나이티드 ,
 인천축구전용경기장 , "Incheon United" ,
 인천축구전용경기장 , 인천 유나이티드 ,
 "Tsentralnyi Profsoyuz Stadion" , "FC Sever Murmansk" ,
 "Keith Harris Stadium" , "Ottawa Fury FC" ,
 "Pamir Stadium" , "Istiklol" ,
 "Abovyan City Stadium" , "FC Kotayk" ,
 "Mulawarman Stadium" , "Bontang FC" ,
 "Bangalore Football Stadium" , "HAL" ,
 "Viljandi linnastaadion" , "FC Viljandi" ,
 "Hafezieh Stadium" , "Bargh Shiraz" ,
 "Hafezieh Stadium" , باشگاه فوتبال برق شیراز ,
 "Lazur Stadium" , "Naftex" ,
 "Central stadium of Jonava" , "FK Lietava" ,
 "People's Football Stadium" , "HBL F.C." ,
 "The Lamex Stadium" , "Stevenage Athletic" ,
 "Abovyan City Stadium" , "King Delux" ,
 "Belson Stadium" , "Pancyprian-Freedoms" ,
 "Stade de Gerland" , "Lyon" ,
 "Balgarska Armia Stadium" , "CSKA Sofia" ,
 "Apostolos Nikolaidis Stadium" , "Panathinaikos" ,
 Στάδιο Απόστολος Νικολαΐδης , "Panathinaikos" ,
 "Rio Tinto Stadium" , "Real Salt Lake" ,
 "Telstar Stadion" , "Telstar" ,
 "Chuncheon Civic Stadium" , "Ulsan Hyundai" ,
 "Chuncheon Civic Stadium" , 울산 현대 ,
 "Ulsan Stadium" , "Ulsan Hyundai" ,
 "Ulsan Stadium" , 울산 현대 ,
 "MDCC-Arena" , "1" ,
 "Stadio Angelo Massimino" , "Catania" ,
 "Estadio George Capwell" , "Emelec" ,
 "New Aberdeen Stadium" , "Cove Rangers F.C." ,
 "Estadio Banorte" , "Sinaloa" ,
 "Estadio Jorge Luis Hirschi" , "Estudiantes de La Plata" ,
 "CSK ZSU Stadium" , "Arsenal Kyiv" ,
 "Stade Jacques Chaban-Delmas" , "Bordeaux" ,
 "RSK Olimpiyskyi" , "Metalurh Donetsk" ,
 "Arena Lviv" , "Shakhtar Donetsk" ,
 "RSK Olimpiyskyi" , "Shakhtar Donetsk" ,
 "Otkrytie Arena" , "Spartak Moscow" ,
 "Millerntor" , "FC St. Pauli" ,
 "Finn Park" , "Cláirsigh na Finne" ,
 "Finn Park" , "Finn Harps" ,
 "Páirc na Finne" , "Cláirsigh na Finne" ,
 "Páirc na Finne" , "Finn Harps" ,
 "Gamla Ullevi" , "GAIS" ,
 "Guangzhou University Town Central Stadium" , "Guangzhou R&F" ,
 "Guangzhou University Town Central Stadium" , "Guǎngzhōu Fùlì" ,
 "Guangzhou University Town Central Stadium" , 广州富力 ,
 "Sonera Stadium" , "HJK" ,
 "King Abdullah Sports City" , "Ittihad Jeddah FC" ,
 "Kuopio Football Stadium" , "KuPS" ,
 "MMArena" , "Le Mans" ,
 "IJsseldelta Stadion" , "PEC Zwolle" ,
 "Spartak Stadium" , "Spartak Varna" ,
 "Easter Road" , "Raith Rovers" ,
 "Schwarzwald-Stadion" , "SC Freiburg" ,
 "Sportpark Noord" , "Heerenveen" ,
 "Benteler Arena" , "SC Paderborn" ,
 "Stade Abdelkader Khalef" , "JSK" ,
 "Akdeniz University Stadium" , "Antalyaspor" ,
 "Old Stadion" , "Blauw Wit" ,
 "Sportpark Sloten" , "Blauw Wit" ,
 "Arena Baltika" , "Baltika" ,
 "Arena Lviv" , "Karpaty Lviv" ,
 "Avanhard Stadium" , "Zorya Luhansk" ,
 "RSK Olimpiyskyi" , "Zorya Luhansk" ,
 "Sani Abacha Stadium" , "Kano Pillars" ,
 "Sarawak State Stadium" , "Sarawak FA" ,
 "Shah Alam Stadium" , "Selangor" ,
 "Stadium Shah Alam" , "Selangor" ,
 "City Stadium Gostivar" , "KF Gostivari" ,
 Градски стадион Гостивар , "KF Gostivari" ,
 "Busch Stadium" , "St. Louis Stars" ,
 "St. Louis Arena" , "St. Louis Stars" ,
 "Lazur Stadium" , "Pomorie" ,
 "Terry Fox Field" , "Vancouver Whitecaps FC" ,
 "Gudeok Stadium" , "Busan IPark" ,
 "Gudeok Stadium" , 부산 아이파크 ,
 "Aktobe Central Stadium" , "Aktobe" ,
 "Nehru Stadium" , "Royal Wahinghdoh F.C." ,
 "Estadio Francisco Montaner" , "FC Leones" ,
 "Francisco Montaner Stadium" , "FC Leones" ,
 "Thammasat Stadium" , "Police United" ,
 "Thammasat Stadium" , สโมสรฟุตบอลเพื่อนตำรวจ ,
 "Kalevi Keskstaadion" , "Sadam Tallinn" ,
 "Tuvalu Sports Ground" , "Lakena United" ,
 "Kayseri Kadir Has Şehir Stadyumu" , "Kayserispor" ,
 "Whitebank Stadium" , "Oldham Boro" ,
 "Tai Po Sports Ground" , "Wofoo Tai Po" ,
 "Stadio Alberto Braglia" , "U.S. Sassuolo Calcio" ,
 "AEL FC Arena" , "AE Larissa" ,
 "Lambert Park" , "APIA Leichhardt Tigers" ,
 "Leichhardt Oval" , "APIA Leichhardt Tigers" ,
 "King Abdullah Sports City" , "Al-Ahli S.F.C" ,
 "Bonnyrigg Sports Club Stadium" , "Bonnyrigg White Eagles FC" ,
 "Central Stadium" , "Metalurh Zaporizhya" ,
 "BBVA Compass Stadium" , "Houston Dynamo" ,
 "Texas A&M International University Soccer Complex" , "Laredo Heat" ,
 "Penydarren Park" , "Merthyr Town" ,
 "Hristo Botev Stadium" , "Botev Plovdiv" ,
 "Ipurua" , "Eibar" ,
 "Moselstadion" , "SV Eintracht Trier 05" ,
 "Haji Agus Salim Stadium" , "Semen Padang" ,
 "Luneng Big Stadium" , "Shandong Luneng Taishan" ,
 "Luneng Big Stadium" , "Shāndōng Lǔnéng Tàishān" ,
 "Luneng Big Stadium" , 山东鲁能泰山 ,
 "Stadium for Cornwall" , "Truro City" ,
 "Stadio Marcello Melani" , "Pistoiese" ,
 "Railways Ground" , "PMC Athletico" ,
 "Nehru Stadium" , "Shillong Lajong F.C." ,
 "Hafezieh Stadium" , "Shahid Sepasi" ,
 "ISS Stadion" , "PK-35 Vantaa" ,
 "Hristo Botev Stadium" , "Botev Vratsa" ,
 "Lazur Stadium" , "Chernomorets Burgas" ,
 "Veria Stadium" , "Veria" ,
 "Thunderbird Stadium" , "Whitecaps FC 2" ,
 "Zeytinburnu Stadium" , "Zeytinburnu S.K." ,
 "Estadio Neza 86" , "Teca UTN" ,
 "King Abdullah Sport City Stadium" , "Al-Ra'ed" ,
 "Rakvere linnastaadion" , "Rakvere JK Tarvas" ,
 "Sonera Stadium" , "HIFK Fotboll" ,
 "BBVA Compass Stadium" , "Houston Dash" ,
 "Veria Stadium" , "AE Pontioi Verias" ,
 "Rio Tinto Stadium" , "Real Monarchs SLC" ,
 "Sportpark Sloten" , "De Beursbengels" ,
 "ISS Stadion" , "Allianssi Vantaa" ,
 "Netanya Stadium" , "Hapoel Ra'anana A.F.C." ,
 אצטדיון נתניה , "Hapoel Ra'anana A.F.C." ,
 "Fenway Park" , "Boston Beacons" ,
 "Stadio Nuovo Romagnoli" , "Campobasso" ,
 "New Aberdeen Stadium" , "Aberdeen" ,
 "Stadion Miejski" , "Arka Gdynia" ,
 "Shielfield Park" , "Berwick Rangers" ,
 "Ewood Park" , "Blackburn Rovers" ,
 "Eton Park" , "Burton Albion F.C." ,
 "Blackbaud Stadium" , "Charleston Battery" ,
 "London Borough of Barking & Dagenham Stadium" , "Dagenham & Redbridge" ,
 "Fredrikstad stadion" , "Fredrikstad" ,
 "Murrayfield Stadium" , "Heart of Midlothian" ,
 "King Power Stadium" , "Leicester City" ,
 "Stade Charles-Ehrmann" , "OGC Nice" ,
 "General Kazimierz Sosnkowski Stadium" , "Polonia Warsaw" ,
 "Estadio Colombino" , "Recreativo Huelva" ,
 "Allianz Parque" , "Palmeiras" ,
 "The Lamex Stadium" , "Stevenage" ,
 "Stadium of Light" , "Sunderland" ,
 "Loakes Park" , "Wycombe Wanderers" ,
 "Kuntz Memorial Soccer Stadium" , "Indiana Blast" ,
 "Cromer Park" , "Manly United" ,
 "Tuvalu Sports Ground" , "Nauti FC" ,
 "Sportpark Sloten" , "SV Nieuw Sloten" ,
 "Stade TP Mazembe" , "CS Don Bosco" ,
 "Estadio Neza 86" , "Coyotes Neza" ,
 "Lahti Stadium" , "Lahti" ,
 "Tuvalu Sports Ground" , "FC Niutao" ,
 "Kuntz Memorial Soccer Stadium" , "F.C. Indiana Lions" ,
 "Kayseri Kadir Has Şehir Stadyumu" , "Erciyesspor" ,
 "WakeMed Soccer Park" , "Carolina RailHawks" ,
 "Rodina Stadium" , "Khimki" ,
 "Victoria Stadium" , "-21.0" ,
 "Saraburi Stadium" , "Osotspa F.C." ,
 "Saraburi Stadium" , โอสถสภา ,
 "Lamport Stadium" , "SC Toronto" ,
 "Joe Albi Stadium" , "Spokane Spiders" ,
 "Phichit Stadium" , "TTM FC" ,
 "Phichit Stadium" , ยาสูบ เอฟซี ,
 "Yamaha Stadium" , "SCG Muangthong United F.C." ,
 "Yamaha Stadium" , สโมสร เมืองทอง ยูไนเต็ด ,
 "Victoria Stadium" , "Northwich Victoria" ,
 "TD Bank Ballpark" , "Sky Blue FC" ,
 "Rugby Park Stadium" , "Spirit AFC" ,
 "Lamport Stadium" , "Toronto FC Academy" ,
 "Al-Najma Club Stadium" , "Al-Najma" ,
 "Dayton Outpatient Center Stadium" , "Dayton Dutch Lions" ,
 "Station Park" , "Forfar Farmington Football Club" ,
 "Joe Albi Stadium" , "Spokane Black Widows" ,
 "Loftus Road Stadium" , "Queens Park Rangers" ,
 "Meadow Park" , "Watford F.C." ,
 "Loftus Road Stadium" , "Fulham Football Club" ,
 "Teddy Stadium" , "Hapoel Jerusalem F.C." ,
 איצטדיון טדי , "Hapoel Jerusalem F.C." ,
 "Loftus Road Stadium" , "Shepherd's Bush" ,
 "Kezar Stadium" , "Golden Gate Gales" ,
 "Mile High Stadium" , "Denver Dynamos" ,
 "North Ipswich Reserve" , "Western Pride" ,
 "Mile High Stadium" , "Caribous of Colorado" ,
 "Penrith Stadium" , "Penrith Nepean" ,
 "Manahan Stadium" , "Persis Solo" ,
 "Municipal Stadium" , "Kansas City Spurs" ,
 "Gradski Stadium Kumanovo" , "Kumanovo" ,
 "The Hawthorns" , "West Bromwich Albion" ,
 "Bobby Dodd Stadium at Historic Grant Field" , "Atlanta Beat" ,
 "Stadion Neufeld" , "Young Boys" ,
 "Lakeside Stadium" , "Melbourne Victory" ,
 "Olympic Park Stadium" , "Melbourne Victory" ,
 "The Bowl" , "St. Marys A.F.C." ,
 "Joe Albi Stadium" , "Spokane Shadow" ,
 "Memorial Stadium" , "Baltimore Comets" ,
 "Kezar Stadium" , "California Victory" ,
 "Budweiser Events Center" , "Colorado Lightning" ,
 "Stadion Neufeld" , "FC Bern 1894" ,
 "Estadio Diego Armando Maradona" , "Argentinos Juniors" ,
 "Metallurg Stadium" , "Debed" ,
 "Varsity Stadium" , "Toronto Falcons" ,
 "Tishreen Stadium" , "Al-Shorta SC" ,
 "Yankee Stadium" , "New York Skyliners" ,
 "Magna Arena" , "SC Wiener Neustadt" ,
 "UWE Stadium" , "Bristol Rovers" ,
 "Tinsulanon Stadium" , "Songkhla FC" ,
 "Tinsulanon Stadium" , สงขลา เอฟซี ,
 "Stadio Comunale" , "Virtus Entella" ,
 "Stade Mohamed-Hamlaoui" , "CSC" ,
 ملعب محمد حملاوي , "CSC" ,
 "Gradski stadion u Koprivnici" , "NK Koprivnica" ,
 "Varsity Stadium" , "Toronto Lynx" ,
 "USF Soccer-Track & Field Stadium" , "Jacksonville Cyclones" ,
 "Mazzella Field" , "New York Magic" ,
 "Campbelltown Stadium" , "Western Sydney Wanderers Women" ,
 "Al Akhdoud Club Stadium" , "Najran SFC" ,
 "Tinsulanon Stadium" , "Wuachon United" ,
 "Tinsulanon Stadium" , วัวชน ยูไนเต็ด ,
 "Wersestadion" , "Rot Weiss Ahlen" ,
 "Angel Stadium of Anaheim" , "California Surf" ,
 "Kezar Stadium" , "Bay Area Breeze" ,
 "Red Bull Arena" , "FC Liefering" ,
 "Pennsylvania Farm Show Complex & Expo Center" , "Harrisburg Heat" ,
 "Tinsulanon Stadium" , "Songkhla United" ,
 "Tinsulanon Stadium" , สงขลา ยูไนเต็ด ,
 "Metropolitan Stadium" , "Minnesota Kicks" ,
 "Franklin Field" , "Philadelphia Atoms" ,
 "Ayg Stadium" , "Araks Ararat FC" ,
 "Skalna Klet" , "Athletik Sportklub" ,
 "Na Chvalech" , "Sparta Prague" ,
 "Prince Abdullah bin Jalawi Stadium" , "Al-Fateh" ,
 "Odsal Stadium" , "Bradford City A.F.C." ,
 "Wrigley Field" , "Chicago Sting" ,
 "Comiskey Park" , "Chicago Sting" ,
 "Baseball Ground" , "Derby County" ,
 "Sam Boyd Stadium" , "Las Vegas Quicksilvers" ,
 "Gillette Stadium" , "New England Revolution" ,
 "Lincoln Financial Field" , "Philadelphia Union" ,
 "Belmore Sports Ground" , "Sydney Olympic" ,
 "BMO Field" , "Toronto FC" ,
 "Comiskey Park" , "Chicago Mustangs" ,
 "Giants Stadium" , "New York Red Bulls" ,
 "Ulsan Stadium" , "Ulsan Hyundai Mipo Dolphin" ,
 "Ulsan Stadium" , 울산 현대미포조선 돌고래 ,
 "McNichols Sports Arena" , "Denver Avalanche" ,
 "Fazanerija" , "Mura 05" ,
 "Fazanerija" , "Mura" ,
 "Memorial Stadium" , "Baltimore Bays" ,
 "Mark's Stadium" , "Ponta Delgada S.C." ,
 "Cooper Stadium" , "Columbus Magic" ,
 "Varsity Stadium" , "Toronto City" ,
 "Lori Stadium" , "Lori Vanadzor" ,
 "Teddy Stadium" , "Beitar Jerusalem F.C." ,
 איצטדיון טדי , "Beitar Jerusalem F.C." ,
 "Wildparkstadion" , "Karlsruher SC" ,
 "Ulsan Stadium" , "Ulsan Hyundai" ,
 "Ulsan Stadium" , 울산 현대 ,
 "Bruchwegstadion" , "Mainz 05" ,
 "GSP Stadium" , "AC Omonoia Nicosia" ,
 "GSP Stadium" , "APOEL" ,
 "Stade Marcel-Picot" , "ASNL" ,
 "Meadow Park" , "Arsenal Ladies" ,
 "Bridge Road" , "Cambridge City" ,
 "Estadio de los Defensores del Chaco" , "Olimpia" ,
 "Stadio Adriatico – Giovanni Cornacchia" , "Pescara" ,
 "Broadhurst Park" , "United of Manchester" ,
 "Almaty Central Stadium" , "FC Kairat" ,
 "Red Bull Arena" , "Red Bull Salzburg" ,
 "Ernst Happel Stadium" , "Austria Wien" ,
 "Bridge Road" , "Histon" ,
 "Gradski stadion u Koprivnici" , "Slaven Belupo" ,
 "Port Macquarie Regional Stadium" , "Newcastle Jets" ,
 "LFK CSKA" , "CSKA Moscow" ,
 "Grigory Fedotov Stadium" , "CSKA Moscow" ,
 "Yunak Stadium" , "Levski Sofia" ,
 "Grand Stade de Casablanca" , "Raja Club Athletic" ,
 "Stadion Eden" , "Slavia Prague" ,
 "Lakeside Stadium" , "South Melbourne" ,
 "Gemeentelijk Sportpark Tilburg" , "Willem II" ,
 "Stade du 1er-Novembre-1954" , "JSK" ,
 "Estadio Mansiche" , "Carlos A. Mannucci" ,
 "Estadio Malvinas Argentinas" , "Godoy Cruz" ,
 "Loftus Versfeld" , "Mamelodi Sundowns" ,
 "Lamport Stadium" , "Serbian White Eagles FC" ,
 "Meadow Park" , "Arsenal Reserves" ,
 "Ayg Stadium" , "Impulse FC" ,
 "Francis Field" , "St. Louis Stars" ,
 "Lakeside Stadium" , "Melbourne Victory Women" ,
 "Phichit Stadium" , "Phichit FC" ,
 "Phichit Stadium" , พิจิตร เอฟซี ,
 "Saraburi Stadium" , "Gulf Saraburi FC" ,
 "Saraburi Stadium" , กัลฟ์สระบุรี เอฟซี ,
 "Estadio Metropolitano de Techo" , "Fortaleza" ,
 "Victoria Stadium" , "Northwich Flixton Villa" ,
 "Former National Stadium" , "Singapore FA" ,
 "Joe Albi Stadium" , "Spokane Shine" ,
 "Bobby Dodd Stadium at Historic Grant Field" , "Atlanta Chiefs" ,
 "GSP Stadium" , "AC Orfeas Nicosia" ,
 "Gradski Stadium Kumanovo" , "FK Goblen" ,
 "Gradski Stadium Kumanovo" , ФК Гоблен ,
 "Adana 5 Ocak Stadium" , "Adana Demirspor" ,
 "Kiwitea Street" , "Central United FC" ,
 "Hougang Stadium" , "Hougang United FC" ,
 "Skalna Klet" , "Celje" ,
 "GSP Stadium" , "Olympiakos Nicosia" ,
 "Belle Vue" , "Wakefield" ,
 "Grand Stade de Casablanca" , "Wydad AC" ,
 "Adana 5 Ocak Stadium" , "Adanaspor" ,
 "Kiwitea Street" , "Auckland City" ,
 "Estadio de los Defensores del Chaco" , "Nacional" ,
 "Gersag" , "FC Luzern" ,
 "St Georges Park" , "Newport" ,
 "Stadion an der Kreuzeiche" , "SSV Reutlingen 05" ,
 "Stadio Alberto Picco" , "Spezia" ,
 "Themistokleio Sports Center" , "Anorthosis Famagusta Volley" ,
 "Estadio Metropolitano de Techo" , "La Equidad" ,
 "Stadionul Prahova" , "Astra Giurgiu" ,
 "Teddy Stadium" , "Hapoel Katamon Jerusalem" ,
 איצטדיון טדי , "Hapoel Katamon Jerusalem" ,
 "Stade Mohamed-Hamlaoui" , "MO Constantine" ,
 ملعب محمد حملاوي , "MO Constantine" ,
 "Seoul Olympic Stadium" , "Seoul United FC" ,
 "Seoul Olympic Stadium" , "서울 유나이티드 FC" ,
 서울올림픽주경기장 , "Seoul United FC" ,
 서울올림픽주경기장 , "서울 유나이티드 FC" ,
 "LaGrave Field" , "Fort Worth Vaqueros FC" ,
 "Seoul Olympic Stadium" , "Seoul E-Land FC" ,
 서울올림픽주경기장 , "Seoul E-Land FC" ,
 "Pennsylvania Farm Show Complex & Expo Center" , "Harrisburg Heat" ,
 "Yankee Stadium" , "Generals" ,
 "Mark's Stadium" , "Fall River Marksmen" ,
 "Los Pajaritos" , "Numancia" ,
 "Mile High Stadium" , "Colorado Rapids" ,
 "GAC Sports Arena" , "Crystal Palace" ,
 "D.C. United Stadium" , "D.C. United" ,
 "Allianz Arena" , "Bayern Munich" ,
 "Station Park" , "Forfar Athletic" ,
 "Boothferry Park" , "Hull City A.F.C" ,
 "Estadio de Vallejo" , "Levante" ,
 "Dalziel Park Stadium" , "Motherwell" ,
 "Ernst Happel Stadium" , "Rapid Wien" ,
 "Naghsh-e-Jahan" , "Sepahan F.C." ,
 "Gay Meadow" , "Shrewsbury Town" ,
 "Edgeley Park" , "Stockport County" ,
 "Viking stadion" , "Viking" ,
 "Meadow Park" , "Boreham Wood" ,
 "Jiranakorn Stadium" , "Hat Yai FC" ,
 "Jiranakorn Stadium" , หาดใหญ่ เอฟซี ,
 "GSP Stadium" , "Trast AC" ,
 "PTT Rayong Stadium" , "PTT Rayong" ,
 "PTT Rayong Stadium" , ปตท.ระยอง ,
 "Tianhe Stadium" , "Guangzhou Evergrande Taobao" ,
 "Tianhe Stadium" , "Guǎngzhōu Héngdà Táobǎo" ,
 "Tianhe Stadium" , 广州恒大淘宝 ,
 天河体育场 , "Guangzhou Evergrande Taobao" ,
 天河体育场 , "Guǎngzhōu Héngdà Táobǎo" ,
 天河体育场 , 广州恒大淘宝 ,
 "Select Security Stadium" , "Liverpool Ladies F C" ,
 "Hang Jebat Stadium" , "Malacca United FC" ,
 "Stadium Hang Jebat" , "Malacca United FC" ,
 "Lad Krabang 54 Stadium" , "TTM FC" ,
 "Lad Krabang 54 Stadium" , ยาสูบ เอฟซี ,
 "Lad Krabang 54 Stadium" , "Customs United" ,
 "Lad Krabang 54 Stadium" , ศุลกากร ยูไนเต็ด ,
 "Khon Kaen Stadium" , "Khonkaen F.C." ,
 "Khon Kaen Stadium" , ขอนแก่น เอฟซี ,
 "Plebiscito" , "Atletico San Paolo Padova" ,
 "Amman International Stadium" , "Al-Faisaly SC" ,
 "Savannakhet stadium" , "Savannakhet    FC" ,
 "Savannakhet stadium" , ສະຫວັນນະເຂດທີ ,
 "Bower Fold" , "Stalybridge Celtic" ,
 "Gelvandale Stadium" , "Bay United" ,
 "Select Security Stadium" , "Widnes F.C." ,
 "Fulfordgate" , "York City F.C." ,
 "Valley Parade" , "Bradford City A.F.C." ,
 "Valley Parade" , "Bradford Park Avenue" ,
 "Sun Bowl stadium" , "El Paso Patriots." ,
 "Narva Kreenholmi staadion" , "Narva Trans" ,
 "Stadio Comunale Is Arenas" , "Cagliari" ,
 "San Nicola da Bari" , "Bari" ,
 "Bower Fold" , "United of Manchester" ,
 "Kashiwanoha Park Stadium" , "Kashiwa Reysol" ,
 "Kashiwanoha Park Stadium" , 柏レイソル ,
 "Skonto Stadium" , "Skonto FC" ,
 "Stadio Nereo Rocco" , "Triestina" ,
 "Select Security Stadium" , "Everton Ladies" ,
 "Sammy Ofer Stadium" , "Hapoel Haifa F.C." ,
 "Grundman Stadium" , "Hapoel Nir Ramat HaSharon" ,
 "Gelvandale Stadium" , "Bay Stars" ,
 "Foolad Arena" , "Foolad" ,
 "Foolad Arena" , فولاد ,
 "Sammy Ofer Stadium" , "Maccabi Haifa" ,
 "Institute of Physical Education Chonburi Campus Stadium" , "Chonburi F.C." ,
 "Institute of Physical Education Chonburi Campus Stadium" , ชลบุรี เอฟซี ,
 "Dravograd Sports Centre" , "Dravograd" ,
 "Sincil Bank" , "Nott County Ladies FC" ,
 "Thephasadin Stadium" , "Osotspa F.C." ,
 "Thephasadin Stadium" , โอสถสภา ,
 "El Sardinero" , "Racing de Santander" ,
 "700" , "TTM FC" ,
 "700" , ยาสูบ เอฟซี ,
 "Stadio Polisportivo Provinciale" , "Trapani" ,
 "Stadio Marcantonio Bentegodi" , "Virtus Verona" ,
 "Estadio de la Levy Mwanawasa" , "Zesco United" ,
 "Thephasadin Stadium" , "Bangkok Christian College FC" ,
 "700" , "Chiangmai FC" ,
 "700" , เชียงใหม่ เอฟซี ,
 "Dob Sports Park" , "Dob" ,
 "Oboj" , "NK Maksimir" ,
 "Kasetsat Kamphengsaen University Stadium" , "Nakhonpathom United" ,
 "Kasetsat Kamphengsaen University Stadium" , นครปฐม ยูไนเต็ด ,
 "Sri Nakhon Lamduan Stadium" , "Sisaket FC" ,
 "Sri Nakhon Lamduan Stadium" , ศรีสะเกษ เอฟซี ,
 "Antonis Papadopoulos Stadium" , "Anorthosis Famagusta" ,
 "Antonis Papadopoulos Stadium" , Ανόρθωσις Αμμοχώστου ,
 "Canton Memorial Civic Center" , "Ohio Vortex" ,
 "Withdean Stadium" , "Brighton & Hove Albion" ,
 "Stadion Feijenoord" , "Feyenoord" ,
 "Nuevo Carlos Tartiere" , "Real Oviedo" ,
 "Stadio Marcantonio Bentegodi" , "ChievoVerona" ,
 "Stadio Artemio Franchi" , "Fiorentina" ,
 "Het Houten Stadion" , "Ajax" ,
 "Wembley Stadium" , "Arsenal" ,
 "The Valley" , "Charlton Athletic FC" ,
 "Stamford Bridge" , "Chelsea" ,
 "Stadio Marcantonio Bentegodi" , "Hellas Verona" ,
 "San Siro" , "Internazionale" ,
 "Sporting Park" , "Sporting Kansas City" ,
 "Jubilee Stadium" , "Armavir" ,
 "Noyemberyan City Stadium" , "Yezerk" ,
 "Rose Bowl" , "Los Angeles Wolves" ,
 "Robert F. Kennedy Memorial Stadium" , "Washington Darts" ,
 "Kenilworth Road" , "Luton Town" ,
 "Pioneer Stadium" , "FC Gold Pride" ,
 "Wembley Stadium" , "Leyton Orient F.C." ,
 "Kardinia Park, Geelong" , "Melbourne Victory" ,
 "Noyemberyan City Stadium" , "Aznavour" ,
 "Stadio Miramare" , "Manfredonia" ,
 "Bolshoy Ice Dome" , "HC Sochi" ,
 "Suncorp Stadium or Brisbane Stadium" , "Brisbane Roar" ,
 "Kowloon Bay Park" , "Happy Valley" ,
 "Robert F. Kennedy Memorial Stadium" , "Washington Whips" ,
 "Tiger Stadium" , "Detroit Cougars" ,
 "Shamrock Park" , "Portadown" ,
 "Vodafone Ratu Cakobau Park" , "Rewa FC" ,
 "Stadium Myjava" , "Spartak Myjava" ,
 "Nairobi City Stadium" , "Mahakama" ,
 "Omaha Civic Auditorium" , "Omaha Vipers" ,
 "Stade Père-Jégo" , "Racing AC" ,
 "City Stadium" , "Richmond Kickers Future" ,
 "Kowloon Bay Park" , "Hong Kong Sapling" ,
 "Tampa Stadium" , "Tampa Bay Mutiny" ,
 "Raymond James Stadium" , "Tampa Bay Mutiny" ,
 "Leicester Road Stadium" , "-21.0" ,
 "Berane City Stadium" , "FK Berane" ,
 "Metallurg" , "Krylia Sovetov" ,
 "City Stadium Tetovo" , "Teteks Tetovo" ,
 Градски Стадион Тетово , "Teteks Tetovo" ,
 "Maple Leaf Gardens" , "Toronto Shooting Stars" ,
 "City Stadium Tetovo" , "Renova" ,
 Градски Стадион Тетово , "Renova" ,
 "Lockhart Stadium" , "Florida Strikers" ,
 "Robert F. Kennedy Memorial Stadium" , "Team America" ,
 "Nestor Morales Stadium" , "Tornados de Humacao" ,
 "Estadio Nestor Morales" , "Tornados de Humacao" ,
 "CSR Orhei" , "FC Costuleni" ,
 "Stadion Juliska" , "FK Dukla Prague" ,
 "Stadio dei Fiori" , "Trissino-Valdagno" ,
 "Leigh Sports Village Stadium" , "Blackburn Rovers Reserves" ,
 "Stadio Brianteo" , "Giana Erminio" ,
 "Bangalore Football Stadium" , "Bengaluru FC" ,
 "Madeul Stadium" , "Chungju Hummel" ,
 "Madeul Stadium" , 충주 험멜 ,
 "Sporting Park" , "FC Kansas City" ,
 "National Sports Centre" , "KF Tirana B" ,
 "Leicester Road Stadium" , "Leicester City Development Squad & Academy" ,
 "Antonis Papadopoulos Stadium" , "Nea Salamis Famagusta FC" ,
 "Yankee Stadium" , "New York City FC" ,
 "Boxer Stadium" , "San Francisco Stompers FC" ,
 "Sultan Muhammad IV Stadium" , "Tumpat FA" ,
 "Stadio Conte Arduino Mangoni" , "Isola Liri" ,
 "Reunion Arena" , "Dallas Tornado" ,
 "Texas Stadium" , "Dallas Tornado" ,
 "Silverdome" , "Detroit Express" ,
 "Pafiako Stadium" , "Evagoras Paphos" ,
 "Guangdong Provincial People's Stadium" , "Shaanxi Wuzhou" ,
 "Guangdong Provincial People's Stadium" , "Shǎnxī Wǔzhōu" ,
 "Guangdong Provincial People's Stadium" , 陕西五洲 ,
 "Ashgabat Stadium" , "FC Ahal" ,
 "Nairobi City Stadium" , "Sharks" ,
 "Baba Yara Sports Stadium" , "Asante Kotoko SC" ,
 "Nantporth" , "Bangor City" ,
 "Stade Louis-Dugauguez" , "Sedan" ,
 "McMahon Stadium" , "Calgary Boomers" ,
 "Crew Stadium" , "Columbus Crew SC" ,
 "Oriel Park" , "Dundalk Football Club" ,
 "Ali Sami Yen Stadı" , "Galatasaray" ,
 "Portman Road" , "Ipswich Town" ,
 "Sincil Bank" , "Lincoln City" ,
 "Lockhart Stadium" , "Miami Fusion" ,
 "Newport Stadium" , "Newport County" ,
 "Rodney Parade" , "Newport County" ,
 "PPL Park" , "Philadelphia Union" ,
 "Stadio Olimpico" , "San Marino" ,
 "Parque Deportivo Verzcruzano" , "Veracruz" ,
 "Regional Sports Centre" , "Waterford United" ,
 "Rose Bowl" , "Los Angeles Aztecs" ,
 "Nairobi City Stadium" , "KCB" ,
 "National Sports Center" , "Minnesota United FC" ,
 "Ghidighici Stadium" , "FC Rapid Ghidighici" ,
 "Moruleng Stadium" , "Platinum Stars" ,
 "Stadio Porta Elisa" , "Lucchese" ,
 "Osman Ahmad Osman Stadium" , "El Mokawloon SC" ,
 "Tuanku Syed Putra Stadium" , "Perlis AFC" ,
 "Pafiako Stadium" , "APOP Paphos" ,
 "Abdygany Radzhapov Central Stadium" , "Zhashtyk-Ak-Altyn Kara-Suu" ,
 "Cheonan Oryong Stadium" , "FC Seoul" ,
 "Cheonan Oryong Stadium" , "FC 서울" ,
 "Stade Bollaert-Delelis" , "Lens" ,
 "City Stadium" , "Richmond Kickers" ,
 "Cheonan Oryong Stadium" , "Seongnam FC" ,
 "Cheonan Oryong Stadium" , "성남 FC" ,
 "Athlone Town Stadium" , "Athlone Town" ,
 "Ballymena Showgrounds" , "Ballymena United" ,
 "Estadio Manuel Ferreira" , "Olimpia" ,
 "United Park" , "Drogheda United" ,
 "Tapiolan urheilupuisto" , "FC Honka Espoo" ,
 "Shakhtar Stadium" , "Metalurh Donetsk" ,
 "Shakhtar Stadium" , "Shakhtar Donetsk" ,
 ""Philip II of Macedonia" National Arena" , "FK Vardar" ,
 "National Arena Philip II of Macedonia" , "FK Vardar" ,
 "Национална арена "Филип II Македонски"" , "FK Vardar" ,
 "Арена Филип II Македонски" , "FK Vardar" ,
 "Stadion Dziesięciolecia" , "Gwardia Warszawa" ,
 "Vasil Levski National Stadium" , "Levski Sofia" ,
 "Patersons Stadium" , "Perth Glory" ,
 "Spectrum" , "Philadelphia KiXX" ,
 "Consol Energy Park" , "Pittsburgh Riverhounds" ,
 "Estadio Corona" , "Santos Laguna" ,
 "Tolka Park" , "Shamrock Rovers F.C." ,
 "Tolka Park" , "Shelbourne" ,
 "The Showgrounds" , "Sligo Rovers F.C." ,
 "Middle Park" , "South Melbourne" ,
 "Allianz Stadium" , "Sydney FC" ,
 "Robert F. Kennedy Memorial Stadium" , "Washington Diplomats" ,
 "Stade du Hainaut" , "Valenciennes FC" ,
 "Kasakhi Marzik Stadium" , "Mika" ,
 "PAT Stadium" , "Port F.C." ,
 "PAT Stadium" , "สโมสรฟุตบอลการท่าเรือ fc" ,
 "Estadio Fiscal de Talca" , "CSD Rangers" ,
 "Stadio Paolo Mazza" , "SPAL" ,
 "Sagamihara Asamizo Park Stadium" , "F.C. Machida Zelvia" ,
 "Sagamihara Asamizo Park Stadium" , "FC町田ゼルビア" ,
 "CSR Orhei" , "FC Milsami" ,
 "Sagamihara Asamizo Park Stadium" , "SC Sagamihara" ,
 "Sagamihara Asamizo Park Stadium" , "SC相模原" ,
 "Institute Of Physical Education Udon Thani Stadium" , "Udon Thani FC" ,
 "Institute Of Physical Education Udon Thani Stadium" , อุดรธานี เอฟซี ,
 "Pafiako Stadium" , "AE Kouklion" ,
 "Omni Coliseum" , "Atlanta Chiefs" ,
 "Sultan Syarif Abdurrahman Stadium" , "Persipon Pontianak" ,
 "San Siro" , "Milan" ,
 "Dinamo-Auto Stadium" , "FC Dinamo-Auto" ,
 "Stadion Śląski" , "GKS Katowice" ,
 "Silesian Stadium" , "GKS Katowice" ,
 "Suncorp Stadium or Brisbane Stadium" , "Brisbane Strikers" ,
 "Lockhart Stadium" , "Fort Lauderdale Strikers" ,
 "Fort Lauderdale Stadium" , "Fort Lauderdale Strikers" ,
 "Arena Petrol" , "Celje" ,
 "Stadio Brianteo" , "Monza" ,
 "Pafiako Stadium" , "A.E. Paphos" ,
 "Pafiako Stadium" , Α.Ε. Πάφος ,
 "Pafiako Stadium" , "APOP Kinyras Peyias" ,
 "Antonis Papadopoulos Stadium" , "Alki Larnaca" ,
 "Friedrich-Ludwig-Jahn-Sportpark" , "Berliner FC Dynamo" ,
 "Dynamo Club Educational Training Center" , "FC Dynamo-2 Kyiv" ,
 "Leicester Road Stadium" , "Hinckley United" ,
 "Tolka Park" , "Home Farm" ,
 "Harrison Park" , "Leek Town" ,
 "Carl-Benz-Stadion" , "SV Waldhof Mannheim" ,
 "Stadio Olimpico Carlo Zecchini" , "Grosseto" ,
 "Estadio Insular" , "Las Palmas" ,
 "Stadion am Zoo" , "Wuppertaler SV" ,
 "Kasakhi Marzik Stadium" , "FC Kasakh" ,
 "Stadion Śląski" , "GKS Tychy" ,
 "Silesian Stadium" , "GKS Tychy" ,
 "Beltinci Sports Park" , "Beltinci" ,
 "Ballarat Regional Soccer Facility" , "Ballarat Red Devils" ,
 "Complejo Municipal San Juan Opico" , "Juventud Independiente" ,
 "Newport Stadium" , "Llanwern" ,
 "Middle Park" , "Melbourne Hakoah" ,
 "Madeul Stadium" , "Seoul United FC" ,
 "Madeul Stadium" , "서울 유나이티드 FC" ,
 "City Stadium" , "Richmond Kickers Destiny" ,
 "Penang City Stadium" , "Penang FA" ,
 "Stadium Bandar Raya Pulau Pinang" , "Penang FA" ,
 "Stadion Juliska" , "Dukla Prague" ,
 "Karnei Oren Memorial Field" , "Hapoel Ra'anana A.F.C." ,
 "City Stadium Tetovo" , "FK Ljuboten" ,
 Градски Стадион Тетово , "FK Ljuboten" ,
 "Stade Louis II" , "Monaco" ,
 "Robert F. Kennedy Memorial Stadium" , "D.C. United" ,
 "Parkstadion" , "Schalke 04" ,
 "Rose Bowl" , "LA Galaxy" ,
 "Stadion Dziesięciolecia" , "Legia Warsaw" ,
 "Leigh Sports Village Stadium" , "Leigh Genesis" ,
 "National Sports Center" , "Minnesota Thunder" ,
 "Parc des Princes" , "Paris Saint-Germain" ,
 "Stadion Dziesięciolecia" , "Polonia Warsaw" ,
 "Nuevo Colombino" , "Recreativo Huelva" ,
 "Millmoor" , "Rotherham United" ,
 "Stanford Stadium" , "San Jose Earthquakes" ,
 "Avaya Stadium" , "San Jose Earthquakes" ,
 "Fossetts Farm Stadium" , "Southend United" ,
 "Robert F. Kennedy Memorial Stadium" , "Washington Freedom" ,
 "Al-Orobah F.C." , "Al-Orobah" ,
 "Leo Stadium" , "BG FC Sport" ,
 "Leo Stadium" , บางกอกกล๊าส เอฟซี ,
 "Vodafone Ratu Cakobau Park" , "Tailevu/Naitasiri F.C." ,
 "Priboj City Stadium" , "FAP Priboj" ,
 "Hajduk Stadium" , "Hajduk Kula" ,
 "Kowloon Bay Park" , "Tai Chung" ,
 "Beltinci Sports Park" , "Beltinci" ,
 "Ashgabat Stadium" , "FC Altyn Asyr" ,
 "Asteras Tripolis new Stadium" , "Asteras Tripolis" ,
 "Dry Arch Park" , "Bonagee United" ,
 "Estadio Caliente" , "Tijuana" ,
 "Newtown Park" , "Wellington Phoenix" ,
 "NYTEX Sports Centre" , "Texas Outlaws" ,
 "NYTEX Sports Centre West Rink" , "Texas Outlaws" ,
 "Velodrome Humbert I" , "Torino" ,
 "Lohrheidestadion" , "VfL Bochum 1848 FG e. V. II" ,
 "St. Louis Soccer Park" , "AC St. Louis" ,
 "Velodrome Humbert I" , "Juventus" ,
 "Stadion Utama Kaltim" , "Bali United Pusam" ,
 "Velodrome Humbert I" , "FBC Torinese" ,
 "Esther Shiner Stadium" , "North York Astros" ,
 "St. Louis Soccer Park" , "Saint Louis Athletica" ,
 "Lohrheidestadion" , "FC Schalke 04 II" ,
 "Educational-Training Complex of the Ukrainian Football Federation – V.M. Bannikov" , "FC Olimpik Donetsk" ,
 "Afraha Stadium" , "Utawala" ,
 "Newtown Park" , "Wellington Olympic Pelates" ,
 "Educational-Training Complex of the Ukrainian Football Federation – V.M. Bannikov" , "Obolon Kyiv" ,
 "Educational-Training Complex of the Ukrainian Football Federation – V.M. Bannikov" , "Arsenal Kyiv" ,
 "Parque Joaquim de Almeida Freitas" , "Moreirense" ,
 "Bangkok University Stadium" , "Bangkok United" ,
 "Bangkok University Stadium" , แบงค็อก ยูไนเต็ด ,
 "Gabala City Stadium" , "Gabala FK" ,
 "Ayutthaya Stadium" , อยุธยา เอฟซี ,
 "Ayutthaya Stadium" , "Ayutthaya FC" ,
 "Afraha Stadium" , "Nakuru AllStars" ,
 "Newtown Park" , "Wellington United" ,
 "The Dripping Pan" , "Lewes" ,
 "Lohrheidestadion" , "SG Wattenscheid 09" ,
 "Newtown Park" , "Team Wellington FC" ,
 "Panetolikos Stadium" , "Panetolikos" ,
 "Portsmouth Dockland Stadium" , "Portsmouth" ,
 "Alanya Stadium" , "Alanyaspor" ,
 "Islas Malvinas Stadium" , "All Boys" ,
 "i-mobile Stadium" , บุรีรัมย์ ยูไนเต็ด ,
 "i-mobile Stadium" , "Buriram United" ,
 "Ararat Stadium" , "Ararat" ,
 "Canutillo Stadium" , "Indios USA" ,
 "Polytechnic Stadium" , "Kremin" ,
 "Saraburi Province Central Stadium" , "Osotspa F.C." ,
 "Saraburi Province Central Stadium" , โอสถสภา ,
 "Rakovski Stadium" , "Vidima-Rakovski" ,
 "Hindmarsh Stadium" , "West Adelaide SC" ,
 "King Salman Bin Abdulaziz Sport City Stadium" , "Al-Faisaly FC" ,
 "Chulalongkorn University  Stadium" , "BBCU" ,
 "Al-Hasan Stadium" , "Al-Hussein SC" ,
 ستاد مدينة الحسن , "Al-Hussein SC" ,
 "Commonwealth Stadium" , "FC Edmonton" ,
 "Arnar Stadium" , "Shirak" ,
 "Rowland Park" , "New Jersey Blaze" ,
 "Falmer Stadium" , "Brighton & Hove Albion" ,
 "Docklands Stadium" , "Carlton" ,
 "The Dell" , "Southampton F.C." ,
 "St Mary's Stadium" , "Southampton F.C." ,
 "County Ground" , "Swindon Town" ,
 "White Hart Lane" , "Tottenham Hotspur" ,
 "Amsterdam ArenA" , "Ajax" ,
 "Hasely Crawford Stadium" , "Defence Force FC" ,
 (אצטדיון בלומפילד) , "Shimshon Tel Aviv" ,
 "Bloomfield Stadium" , "Shimshon Tel Aviv" ,
 "Sattahip Navy Stadium" , "Siam Navy F.C." ,
 "Sattahip Navy Stadium" , ราชนาวี ,
 "Al-Hasan Stadium" , "Al-Arabi Irbid" ,
 ستاد مدينة الحسن , "Al-Arabi Irbid" ,
 (אצטדיון בלומפילד) , "Bnei Yehuda" ,
 "Bloomfield Stadium" , "Bnei Yehuda" ,
 "(Forum de Montréal)" , "Montreal Manic / Manic de Montréal" ,
 "Montreal Forum" , "Montreal Manic / Manic de Montréal" ,
 "Hasely Crawford Stadium" , "Police" ,
 "Broomfield Park" , "Airdrieonians" ,
 "Stadio degli Oliveti" , "Massese" ,
 "Docklands Stadium" , "Melbourne Victory" ,
 "Cardiff City Stadium" , "Cardiff City" ,
 "Independence Events Center" , "Missouri Comets" ,
 "University of Detroit Stadium" , "Detroit Cougars" ,
 "Allen Event Center" , "Dallas Sidekicks" ,
 "Het Kuipje" , "Westerlo" ,
 "Toyota Stadium" , "FC Dallas" ,
 "Tampere Stadium" , "FC Ilves" ,
 "Damanhour Stadium" , "Ala'ab Damanhour" ,
 "Von Braun Center" , "Huntsville Fire" ,
 "Banants Stadium" , "Banants" ,
 "Palmerston Park" , "Heston Rovers FC" ,
 "Baseball Grounds of Jacksonville" , "Jacksonville Armada FC" ,
 "Bell Centre" , "Montreal Impact" ,
 "Bell Centre" , "Impact de Montréal" ,
 "New York Cosmos Stadium" , "New York Cosmos" ,
 "Throstle Nest" , "Farsley" ,
 "CN Centre" , "Prince George Fury" ,
 "Estadio Universitario UES" , "C.D. Universidad de El Salvador" ,
 (אצטדיון בלומפילד) , "Beitar Tel Aviv" ,
 "Bloomfield Stadium" , "Beitar Tel Aviv" ,
 "Peoria Sports Complex" , "Arizona United" ,
 "State Farm Arena" , "Hidalgo La Fiera" ,
 "Bonney Field" , "Sacramento Republic FC" ,
 "Dillon Stadium" , "Connecticut Bicentennials" ,
 "Dillon Stadium" , "Hartford Bicentennials" ,
 "Veterans Stadium" , "Philadelphia Atoms" ,
 "Manning Bowl" , "Boston Shamrock Rovers" ,
 "--04-07" , "Al-Jihad Sporting Club" ,
 "Cajundome" , "Lafayette SwampCats" ,
 "Baton Rouge River Center Arena" , "Baton Rouge Bombers" ,
 (אצטדיון בלומפילד) , "Maccabi Tel Aviv" ,
 "Bloomfield Stadium" , "Maccabi Tel Aviv" ,
 "Stade Jean-Bouin" , "Angers SCO" ,
 "Leeds Road" , "Bradford City A.F.C." ,
 "Stadionul Concordia" , "Concordia Chiajna" ,
 "Allstate Arena" , "Chicago Sting" ,
 "Euroborg" , "FC Groningen" ,
 "Throstle Nest" , "Farsley Celtic" ,
 "York Road" , "Hayes & Yeading United" ,
 "Remondis Stadium" , "Sydney Olympic" ,
 "Throstle Nest" , "Leeds United L.F.C." ,
 "TD Place Stadium" , "Ottawa Fury FC" ,
 "Takhti" , "Esteghlal Khuzestan" ,
 "Takhti" , استقلال خوزستان ,
 استاديوم تختی , "Esteghlal Khuzestan" ,
 استاديوم تختی , استقلال خوزستان ,
 "Stadionul Olimpia" , "FC Olimpia Satu Mare" ,
 "NTC Senec" , "FC Senec" ,
 "Artashat City Stadium" , "Dvin Artashat" ,
 "Stade Aline Sitoe Diatta" , "Casa Sports" ,
 "Olympic Stadium" , "AEK" ,
 "New Tivoli" , "Alemannia Aachen" ,
 (אצטדיון בלומפילד) , "Beitar Jerusalem F.C." ,
 "Bloomfield Stadium" , "Beitar Jerusalem F.C." ,
 "Eden Arena" , "Bohemians 1905" ,
 "Central Dynamo Stadium" , "Dynamo Moscow" ,
 "Bislett stadion" , "Skeid" ,
 "El Madrigal" , "Villarreal" ,
 "Hindmarsh Stadium" , "Adelaide United" ,
 "Estadio Alejandro Villanueva" , "Alianza Lima" ,
 "SchücoArena" , "Arminia Bielefeld" ,
 "Dalymount Park" , "Bohemians" ,
 "Stadio Comunale Sant'Elia" , "Cagliari" ,
 "Estadio Monumental" , "Universitario" ,
 "Estadio Monumental" , "Colo-Colo" ,
 "Estadio Universitario Alberto "Chivo" Córdova" , "Toluca" ,
 "Heinz-Steyer-Stadion" , "Dynamo Dresden" ,
 "Ajinomoto Stadium" , "F.C. Tokyo" ,
 "Ajinomoto Stadium" , "FC東京" ,
 "Estadio de la UNSA" , "FBC Melgar" ,
 "Dynamo Stadium named after Valeriy Lobanovskyi" , "Arsenal Kyiv" ,
 "Dynamo Stadium named after Valeriy Lobanovskyi" , "Dynamo Kyiv" ,
 "Gamla Ullevi" , "GAIS" ,
 "UPC-Arena" , "Grazer AK" ,
 "Olympia" , "Helsingborgs IF" ,
 "Windsor Park" , "Linfield" ,
 "Ljudski vrt" , "Maribor" ,
 "Veterans Stadium" , "Philadelphia Fury" ,
 "Palmerston Park" , "Queen of the South" ,
 "Frontier Field" , "Rochester Rhinos" ,
 "Eden Arena" , "Slavia Prague" ,
 "UPC-Arena" , "Sturm Graz" ,
 "Hasely Crawford Stadium" , "San Juan Jabloteh" ,
 "Komplett Arena" , "Sandefjord" ,
 "Estadio Alberto Gallardo" , "Sporting Cristal" ,
 "Al-Merrikh Stadium" , "Al-Merrikh SC" ,
 "Al-Quwa Al-Jawiya Stadium" , "Air Force SC" ,
 "Al-Quwa Al-Jawiya Stadium" , نادي القوة الجوية الرياضي ,
 "Estadio Manuel Murillo Toro" , "Deportes Tolima" ,
 "Todor Diev" , "Spartak Plovdiv" ,
 "Metalurh Stadium" , "Stal" ,
 Καυτανζόγλειο Στάδιο , "Iraklis 1908" ,
 "The Halliwell Jones Stadium" , "Liverpool Reserves" ,
 "Harry Gwala Stadium" , "Maritzburg United" ,
 "Akademik Stadium" , "Akademik" ,
 "Gelora Bandung Lautan Api Stadium" , "Persib Bandung" ,
 "Aleppo International stadium" , "Al-Ittihad of Aleppo" ,
 "Arnar Stadium" , "Impulse FC" ,
 "Rayong Province Central Stadium" , "Rayong FC" ,
 "Rayong Province Central Stadium" , ระยอง เอฟซี ,
 "Yamanya Stadium" , "Southern Myanmar  FC" ,
 "US Cellular Community Park" , "Southern Oregon Fuego" ,
 "BC Place" , "Vancouver Whitecaps FC" ,
 "Chulalongkorn University  Stadium" , "Chamchuri United FC" ,
 "Chulalongkorn University  Stadium" , จามจุรี ยูไนเต็ด ,
 "Ricoh Arena" , "Coventry City Ladies" ,
 "Heinz-Steyer-Stadion" , "Dresdner SC" ,
 "Estadio 23 de Agosto" , "Gimnasia de Jujuy" ,
 "The Raymond McEnhill Stadium" , "Salisbury City" ,
 "Stadio Erasmo Iacovone" , "Taranto" ,
 "Central Ground" , "Witton Albion" ,
 "Hindmarsh Stadium" , "Adelaide City" ,
 "Prince Sultan bin Fahd Stadium" , "Al-Ahli S.F.C" ,
 "Stadio Rigamonti-Ceppi" , "Lecco" ,
 Καυτανζόγλειο Στάδιο , "Doxa Drama FC" ,
 "Shaanxi Province Jiaodaruisun Stadium" , "Guizhou Renhe" ,
 "Shaanxi Province Jiaodaruisun Stadium" , "Guìzhōu Rénhé" ,
 "Shaanxi Province Jiaodaruisun Stadium" , 贵州人和 ,
 (אצטדיון בלומפילד) , "Hapoel Tel Aviv" ,
 (אצטדיון בלומפילד) , הפועל תל אביב ,
 "Bloomfield Stadium" , "Hapoel Tel Aviv" ,
 "Bloomfield Stadium" , הפועל תל אביב ,
 "Robertson Stadium" , "Houston Dynamo" ,
 "Student Activity Complex" , "Laredo Heat" ,
 "York Road" , "Maidenhead United" ,
 "Todor Diev" , "Botev Plovdiv" ,
 "Varna Stadium" , "Cherno More" ,
 "Donaustadion" , "SSV Ulm 1846" ,
 "Cristal Arena" , "Racing Genk" ,
 "Throstle Nest" , "Leeds Carnegie" ,
 (אצטדיון בלומפילד) , "Maccabi Jaffa" ,
 (אצטדיון בלומפילד) , "Maccabi Kabilio Jaffa" ,
 "Bloomfield Stadium" , "Maccabi Jaffa" ,
 "Bloomfield Stadium" , "Maccabi Kabilio Jaffa" ,
 Καυτανζόγλειο Στάδιο , "Veria" ,
 "Stadio Stefano Lotti" , "Poggibonsi" ,
 "University of Botswana Stadium" , "Uniao Flamengo Santos" ,
 "Grand Stade d'Alger" , "USM El-Harrach" ,
 "Stade Louis II" , "Monaco" ,
 "Recreation Park" , "Alloa Athletic" ,
 "BayArena" , "Bayer Leverkusen" ,
 "Griffin Park" , "Brentford" ,
 "Recreation Park" , "Clyde" ,
 "Dick's Sporting Goods Park" , "Colorado Rapids" ,
 "Ricoh Arena" , "Coventry City" ,
 "Central Park" , "Cowdenbeath" ,
 "Olympiastadion" , "Bayern Munich" ,
 "Takhti" , "Foolad" ,
 "Takhti" , فولاد ,
 استاديوم تختی , "Foolad" ,
 استاديوم تختی , فولاد ,
 "Leeds Road" , "Huddersfield Town" ,
 "John Smith's Stadium" , "Huddersfield Town" ,
 "Hilton Park" , "Leigh Genesis" ,
 "Bislett stadion" , "Lyn" ,
 "Riverside Stadium" , "Middlesbrough" ,
 "stadiummk" , "Milton Keynes Dons" ,
 "Hampden Park" , "Queen's Park" ,
 "Ajinomoto Stadium" , "Tokyo Verdy" ,
 "Ajinomoto Stadium" , 東京ヴェルディ ,
 "Huish" , "Yeovil Town" ,
 "Al Hazm Club Stadium" , "Al-Hazm" ,
 "Stadionul Otopeni" , "CS Otopeni" ,
 "Ljudski vrt" , "Branik Maribor" ,
 "Prince Faisal Stadium" , "That Ras Club" ,
 استاد الامير فيصل , "That Ras Club" ,
 "Arizona Veterans Memorial Coliseum" , "Arizona Thunder" ,
 "BB&T Center" , "Florida ThunderCats" ,
 "Estadio de la UNSA" , "IDUNSA" ,
 "Al-Hasan Stadium" , "Al-Jalil Club" ,
 ستاد مدينة الحسن , "Al-Jalil Club" ,
 "Aztec Stadium" , "Atlante" ,
 "Estadio Azteca" , "Atlante" ,
 "Westpac Stadium" , "Wellington Phoenix" ,
 "Wellington Regional Stadium" , "Wellington Phoenix" ,
 "George M. Steinbrenner Field" , "Tampa Bay Rowdies" ,
 "Olympic Stadium" , "Ajax" ,
 "Pensacola Bay Center" , "Pensacola Flyers" ,
 "Columbus Civic Center" , "Mississippi Beach Kings" ,
 "Mississippi Coast Coliseum" , "Mississippi Beach Kings" ,
 "MTS Centre" , "Winnipeg Alliance FC" ,
 "US Bank Arena" , "Cincinnati Silverbacks" ,
 "Norfolk Scope" , "Norfolk SharX" ,
 "Olympiastadion Berlin" , "Hertha BSC" ,
 "NBT Bank Stadium" , "Syracuse Football Club" ,
 "Canad Inns Stadium" , "Winnipeg Fury" ,
 "Bramall Lane Stadium" , "Sheffield Wednesday" ,
 "Compuware Arena" , "Detroit Waza" ,
 "Providence Park" , "Portland Thorns FC" ,
 "Orleans Arena" , "Las Vegas Legends" ,
 "Santander Arena" , "Pennsylvania Roar" ,
 "Kingsmeadow" , "AFC Wimbledon" ,
 "Ohio Stadium" , "Columbus Crew SC" ,
 "Providence Park" , "Portland Timbers" ,
 "Los Angeles" , "Los Angeles Aztecs" ,
 "Memorial Sports Arena" , "Los Angeles Aztecs" ,
 "Red Bull Arena" , "New York Red Bulls" ,
 "Honda Center" , "Anaheim Splash" ,
 "Civic Arena" , "Pittsburgh Spirit" ,
 "Rexall Place" , "Edmonton Drillers" ,
 "Sleep Train Arena" , "Sacramento Knights" ,
 "Rice-Eccles Stadium" , "Real Salt Lake" ,
 "Aztec Stadium" , "Necaxa" ,
 "Estadio Azteca" , "Necaxa" ,
 "Aztec Stadium" , "Cruz Azul" ,
 "Estadio Azteca" , "Cruz Azul" ,
 "The Brandywell" , "Derry City Football Club" ,
 "Commerzbank-Arena" , "Eintracht Frankfurt" ,
 "Telia Parken" , "Copenhagen" ,
 "Hong Kong Stadium" , "Kitchee" ,
 "The Peter J. Liacouras Center" , "Philadelphia KiXX" ,
 "Stark's Park" , "Raith Rovers" ,
 "Parkstad Limburg Stadion" , "Roda" ,
 "GelreDome" , "Vitesse Arnhem" ,
 "Estadio Cementos Progreso" , "Comunicaciones" ,
 "Olympic Stadium" , "Blauw Wit" ,
 "Olympic Stadium" , "DWS" ,
 "Wuhan Sports Centre Stadium" , "Wuhan Zall" ,
 "Wuhan Sports Centre Stadium" , "Wǔhàn Zhuó'ěr" ,
 "Wuhan Sports Centre Stadium" , 武汉卓尔 ,
 武汉体育中心体育场 , "Wuhan Zall" ,
 武汉体育中心体育场 , "Wǔhàn Zhuó'ěr" ,
 武汉体育中心体育场 , 武汉卓尔 ,
 "Commerzbank-Arena" , "FSV Frankfurt" ,
 "FIU Stadium" , "Fort Lauderdale Strikers" ,
 "Hong Kong Stadium" , "South China" ,
 "Cox Business Center" , "Tulsa Revolution" ,
 "Virginia Beach Sportsplex" , "Virginia Beach City FC" ,
 "Aztec Stadium" , "UNAM" ,
 "Estadio Azteca" , "UNAM" ,
 "HDI-Arena" , "Hannover 96" ,
 "Kingsmeadow" , "Kingstonian" ,
 "Ullevaal" , "Lyn" ,
 "The Den" , "Millwall F.C." ,
 "Bramall Lane Stadium" , "Sheffield F.C." ,
 "Bramall Lane Stadium" , "Sheffield United" ,
 "Saitama Stadium 2002" , "Urawa Red Diamonds" ,
 "Saitama Stadium 2002" , 浦和レッドダイヤモンズ ,
 "Gator Bowl" , "Jacksonville Tea Men" ,
 "AZAL Arena" , "AZAL PFK" ,
 "Prince Hashim Stadium" , "Al-Ramtha SC" ,
 استاد الأمير هاشم , "Al-Ramtha SC" ,
 "Estadio CAP" , "Deportes Naval" ,
 "Ogosta Stadium" , "Montana" ,
 "The Shay" , "FC Halifax Town" ,
 "Bunyodkor Stadium" , "Bunyodkor" ,
 "Starfire Sports Stadium" , "Seattle Sounders Women" ,
 "Stadio Olimpico di Torino" , "Torino" ,
 "Leah Victoria Park" , "Tullamore Town" ,
 "Gwangju World Cup Stadium" , "Gwangju FC" ,
 "Gwangju World Cup Stadium" , "광주 FC" ,
 "Department of Education Stadium in Unaizah" , "Al-Arabi" ,
 "Chuncheon Songam Stadium" , "Chuncheon FC" ,
 "Chuncheon Songam Stadium" , "춘천 FC" ,
 "Gyumri City Stadium" , "Shirak" ,
 "Cocoa Expo Sports Center" , "Cocoa Expos" ,
 "Stadio Renato Dall'Ara" , "Bologna" ,
 "Goodison Park" , "Everton" ,
 "Stadio Olimpico" , "Roma" ,
 "De Meer Stadion" , "Ajax" ,
 "Ashton Gate" , "Bristol City" ,
 "NRGi Park" , "AGF" ,
 "Odeum Expo Center" , "Chicago Riot" ,
 "Government High School Stadium" , "AFC Chaman" ,
 "Petershill Park" , "Petershill" ,
 "Astana Arena" , "FC Bayterek" ,
 "Ashton Gate" , "Bedminster" ,
 "Stadio Olimpico di Torino" , "Juventus" ,
 "Stadio Olimpico" , "Lazio" ,
 "Estadio Melgar" , "Total Chalaco" ,
 "Wankdorfstadion" , "Young Boys" ,
 "Stade de Suisse Wankdorf Bern" , "Young Boys" ,
 "Yuvileiny Stadium" , "FC Sumy" ,
 "Markaziy Stadium Qarshi" , "Nasaf" ,
 "Keepmoat Stadium" , "Doncaster Rovers Belles" ,
 "Chuncheon Songam Stadium" , "Gangwon FC" ,
 "Chuncheon Songam Stadium" , "강원 FC" ,
 "Gangneung Stadium" , "Gangwon FC" ,
 "Gangneung Stadium" , "강원 FC" ,
 "Shenzhen Stadium" , "Shenzhen Ruby" ,
 "Shenzhen Stadium" , "Shēnzhèn Hóngzuān" ,
 "Shenzhen Stadium" , 深圳红钻 ,
 深圳体育场 , "Shenzhen Ruby" ,
 深圳体育场 , "Shēnzhèn Hóngzuān" ,
 深圳体育场 , 深圳红钻 ,
 "Western Australian Athletics Stadium" , "Subiaco AFC" ,
 "Foxboro Stadium" , "New England Tea Men" ,
 "Stade de la Mosson" , "Montpellier" ,
 "Estadio Omnilife" , "Guadalajara" ,
 "Prince Hashim Stadium" , "Al-Sheikh Hussein FC" ,
 استاد الأمير هاشم , "Al-Sheikh Hussein FC" ,
 "Stockton Arena" , "California Cougars" ,
 "Yuvileiny Stadium" , "FC Kharkiv" ,
 "Alashkert Stadium" , "Ulisses" ,
 "Shenyang Olympic Sports Centre Stadium" , "Shenyang Dongjin" ,
 "Shenyang Olympic Sports Centre Stadium" , "Shěnyáng Dōngjìn" ,
 "Shenyang Olympic Sports Centre Stadium" , 沈阳东进 ,
 沈阳奥林匹克体育中心 , "Shenyang Dongjin" ,
 沈阳奥林匹克体育中心 , "Shěnyáng Dōngjìn" ,
 沈阳奥林匹克体育中心 , 沈阳东进 ,
 "Taylor Sportsplex" , "Detroit Waza" ,
 "Estadio Altamira" , "Altamira" ,
 "1300" , "Northern Fury" ,
 "Starfire Sports Stadium" , "Seattle Sounders FC 2" ,
 "ONEOK Field" , "Tulsa Roughnecks FC" ,
 "Pirtek Stadium" , "Western Sydney Wanderers" ,
 "Starfire Sports Stadium" , "Hibernian Saints" ,
 "Shatili Arena" , "FCN Dinamo Tbilisi" ,
 "Starfire Sports Stadium" , "Seattle Reign FC" ,
 "Hartman Arena" , "-52.0" ,
 "Yale Bowl" , "Connecticut Bicentennials" ,
 "Yale Bowl" , "Hartford Bicentennials" ,
 "Vasermil Stadium" , "Hapoel Be'er Sheva" ,
 אצטדיון וסרמיל , "Hapoel Be'er Sheva" ,
 "Vasermil Stadium" , "Maccabi Be'er Sheva" ,
 אצטדיון וסרמיל , "Maccabi Be'er Sheva" ,
 "Gwangju World Cup Stadium" , "Gwangju Sangmu" ,
 "Gwangju World Cup Stadium" , 광주 상무 ,
 "Vodacom Park" , "Bloemfontein Celtic" ,
 "Stadion CF Sparta Selemet" , "CF Sparta Selemet" ,
 "Stadio Luigi Ferraris" , "Genoa" ,
 "Imtech Arena" , "Hamburger SV" ,
 "Thomond Park" , "Limerick F.C." ,
 "Toyota Stadium" , "Nagoya Grampus" ,
 "Toyota Stadium" , 名古屋グランパス ,
 "Foxboro Stadium" , "New England Revolution" ,
 "Kassam Stadium" , "Oxford United" ,
 "Sarpsborg Stadion" , "Sarpsborg 08" ,
 "WIN Jubilee Oval" , "Sydney Olympic" ,
 "Sahlen's Stadium" , "Western New York Flash" ,
 "Odeum Expo Center" , "Chicago Mustangs" ,
 "Incheon Munhak Stadium" , "Incheon United" ,
 "Incheon Munhak Stadium" , 인천 유나이티드 ,
 "Nene Park" , "Kettering Town" ,
 "Shahid Dastgerdi" , "PAS" ,
 "Citizens Business Bank Arena" , "Ontario Fury" ,
 "Lakewood Church Central Campus" , "Houston Hotshots" ,
 "Royal Bafokeng Stadium" , "Platinum Stars" ,
 "Steaua" , "FC Unirea Urziceni" ,
 "(Ghencea)" , "FC Unirea Urziceni" ,
 "Pirtek Stadium" , "Parramatta Power" ,
 "Skrapar Sports Field" , "KF Skrapari" ,
 "Starfire Sports Stadium" , "FK Pacific" ,
 "Estadio CAP" , "Huachipato" ,
 "Abbasiyyin Stadium" , "Al Majd" ,
 "Stadium Majlis Perbandaran Temerloh" , "Shahzan Muda FC" ,
 "SKA Stadium" , "FC Karpaty-2 Lviv" ,
 "Cendrawasih Stadium" , "PSBS Biak Numfor" ,
 "Daejeon World Cup Stadium" , "Daejeon Citizen" ,
 "Daejeon World Cup Stadium" , 대전 시티즌 ,
 "Arena Khimki" , "Dynamo Moscow" ,
 "GS Champions Park" , "FC Seoul" ,
 "GS Champions Park" , "FC 서울" ,
 "GS챔피언스파크" , "FC Seoul" ,
 "GS챔피언스파크" , "FC 서울" ,
 "Jeju Stadium" , "Jeju United" ,
 "Jeju Stadium" , 제주 유나이티드 ,
 제주종합경기장 주경기장 , "Jeju United" ,
 제주종합경기장 주경기장 , 제주 유나이티드 ,
 "Suwon Sports Complex" , "Jeju United" ,
 "Suwon Sports Complex" , 제주 유나이티드 ,
 수원종합운동장 , "Jeju United" ,
 수원종합운동장 , 제주 유나이티드 ,
 "Gwangyang Football Stadium" , "Jeonnam Dragons" ,
 "Gwangyang Football Stadium" , 전남 드래곤즈 ,
 "Gwangyang Football Stadium" , "Pohang Steelers" ,
 "Gwangyang Football Stadium" , 포항 스틸러스 ,
 "Tancheon Stadium탄천종합운동장 주경기장" , "Seongnam FC" ,
 "Tancheon Stadium탄천종합운동장 주경기장" , "성남 FC" ,
 "Suwon Sports Complex" , "Suwon Samsung Bluewings" ,
 "Suwon Sports Complex" , 수원 삼성 블루윙즈 ,
 수원종합운동장 , "Suwon Samsung Bluewings" ,
 수원종합운동장 , 수원 삼성 블루윙즈 ,
 "Gangneung Stadium" , "Ulsan Hyundai" ,
 "Gangneung Stadium" , 울산 현대 ,
 "GSP Stadium" , "AC Omonoia Nicosia" ,
 "GSP Stadium" , "APOEL" ,
 "Carlisle Grounds" , "Bray Wanderers" ,
 "Irwin Belk Track and Field Center/Transamerica Field" , "Charlotte Eagles" ,
 "E.E. Waddell Language Academy Stadium" , "Charlotte Eagles" ,
 "Priory Lane" , "Eastbourne Borough" ,
 "Estadio Melgar" , "FBC Melgar" ,
 "Borisov Arena" , "BATE" ,
 "NSC Olimpiyskiy" , "Dynamo Kyiv" ,
 "Kadriorg staadion" , "Levadia Tallinn" ,
 "3" , "Sheriff Tiraspol" ,
 "3" , "Tiraspol" ,
 "Prince Abdullah Al Faisal Stadium" , "Ittihad Jeddah FC" ,
 "Kashima Soccer Stadium" , "Kashima Antlers" ,
 "Kashima Soccer Stadium" , 鹿島アントラーズ ,
 Γήπεδο Γεώργιος Καραϊσκάκης , "Olympiacos" ,
 "Arena Khimki" , "CSKA Moscow" ,
 "Lovech Stadium" , "Litex Lovech" ,
 "Highmark Stadium" , "Pittsburgh Riverhounds" ,
 "Sahlen's Stadium" , "Rochester Rhinos" ,
 "Hongkou Football Stadium" , "Shanghai Greenland Shenhua" ,
 "Hongkou Football Stadium" , "Shànghǎi Lǜdì Shēnhuā" ,
 "Hongkou Football Stadium" , 上海绿地申花 ,
 虹口足球场 , "Shanghai Greenland Shenhua" ,
 虹口足球场 , "Shànghǎi Lǜdì Shēnhuā" ,
 虹口足球场 , 上海绿地申花 ,
 "Stade Michel-d'Ornano" , "SM Caen" ,
 "Forthbank" , "Stirling Albion FC" ,
 "Misaki Park Stadium" , "Vissel Kobe" ,
 "Misaki Park Stadium" , ヴィッセル神戸 ,
 "Nungesser" , "Valenciennes FC" ,
 "Abbasiyyin Stadium" , "Al-Jaish SC" ,
 "Abbasiyyin Stadium" , "Al-Wahda SC" ,
 "New Antalya Stadium" , "Antalyaspor" ,
 "Estadio Municipal Guillermo Amor" , "Benidorm" ,
 "Incheon Munhak Stadium" , "Daejeon Korail" ,
 "Incheon Munhak Stadium" , 인천 코레일 ,
 "Suwon Sports Complex" , "Suwon FC" ,
 "Suwon Sports Complex" , "수원 FC" ,
 수원종합운동장 , "Suwon FC" ,
 수원종합운동장 , "수원 FC" ,
 "Underhill Stadium" , "Arsenal Reserves" ,
 "Astana Arena" , "Astana" ,
 "Al Vallone" , "GC Biaschesi" ,
 "Petershill Park" , "Glasgow City FC" ,
 "Eintracht-Stadion" , "Goslarer SC 08" ,
 "Forthbank" , "Stirling University F.C." ,
 "Suwon Sports Complex" , "Suwon FMC" ,
 "Suwon Sports Complex" , 수원시설공단 ,
 수원종합운동장 , "Suwon FMC" ,
 수원종합운동장 , 수원시설공단 ,
 "Asiad Main Stadium" , "Busan IPark" ,
 "Asiad Main Stadium" , 부산 아이파크 ,
 "Petershill Park" , "Rangers L.F.C." ,
 "Jernvallen" , "Sandvikens AIK FK" ,
 "Prince Hashim Stadium" , "Ittihad Al-Ramtha" ,
 استاد الأمير هاشم , "Ittihad Al-Ramtha" ,
 "Petershill Park" , "Rossvale F.C." ,
 "Underhill Stadium" , "Edgware Town" ,
 "Stadio comunale Enzo Blasone" , "Foligno" ,
 "GSP Stadium" , "Olympiakos Nicosia" ,
 "Bicentennial Park South" , "Rockdale City Suns" ,
 "Rockdale Ilinden Sports Centre" , "Rockdale City Suns" ,
 "Central Park" , "Sittingbourne" ,
 "Prince Abdullah Al Faisal Stadium" , "Al-Ahli S.F.C" ,
 "Eintracht-Stadion" , "Eintracht Braunschweig" ,
 "Rosenaustadion" , "FC Augsburg" ,
 "Estadio de Liga Deportiva Universitaria" , "LDU Quito" ,
 "Stadio Guido Angelini" , "Chieti" ,
 "Max-Schmeling-Halle" , "SCC Berlin" ,
 "Jernvallen" , "Sandvikens IF" ,
 "Stade Auguste-Delaune" , "Stade Reims" ,
 "Tianjin Olympic Centre Stadium" , "Tianjin Teda" ,
 "Tianjin Olympic Centre Stadium" , "Tiānjīn Tàidá" ,
 "Tianjin Olympic Centre Stadium" , 天津泰达 ,
 天津奥林匹克中心体育场 , "Tianjin Teda" ,
 天津奥林匹克中心体育场 , "Tiānjīn Tàidá" ,
 天津奥林匹克中心体育场 , 天津泰达 ,
 "Chavdar Tsvetkov" , "Sportist" ,
 "Alashkert Stadium" , "Alashkert Football Club" ,
 "Stadium Majlis Perbandaran Temerloh" , "FELDA United FC" ,
 "Municipal Stadium of Kastoria" , "Kastoria AGSK" ,
 "SPENS" , "OK NIS Vojvodina" ,
 СПЕНС , "OK NIS Vojvodina" ,
 "Shahid Dastgerdi" , "Steel Azin" ,
 "TOT Stadium Chaeng Watthana" , "TOT S.C." ,
 "TOT Stadium Chaeng Watthana" , ทีโอที ,
 "Tamme Stadium" , "Tammeka Tartu" ,
 "Athletics Stadium" , "Tulsa Athletics" ,
 "Spyros Kyprianou Athletic Center" , "Nea Salamis Famagusta VC" ,
 "Underhill Stadium" , "Barnet" ,
 "Signal Iduna Park" , "Borussia Dortmund" ,
 "York Street" , "Boston United" ,
 "Keepmoat Stadium" , "Doncaster Rovers" ,
 "Shahid Dastgerdi" , باشگاه فرهنگی ورزشی استقلال تهران ,
 "Partizan Stadium" , "FK Partizan" ,
 "The Shay" , "Halifax Town" ,
 "Edgar Street" , "Hereford United Football Club" ,
 "Soccer City" , "Kaizer Chiefs" ,
 "Legia Warsaw Stadium" , "Legia Warsaw" ,
 "North Greenwich" , "Millwall F.C." ,
 "The Athletic Grounds" , "Millwall F.C." ,
 "City Ground" , "Nottingham Forest F.C." ,
 "Stadio Ennio Tardini" , "Parma" ,
 "Spotland Stadium" , "Rochdale" ,
 "Nene Park" , "Rushden & Diamonds" ,
 "Roker Park" , "Sunderland" ,
 "Liberty Stadium" , "Swansea City" ,
 "Stadiwm Liberty" , "Swansea City" ,
 "Stadio Luigi Ferraris" , "Sampdoria" ,
 "The Glyndŵr University Racecourse Stadium" , "Wrexham" ,
 "International Stadium Yokohama" , "Yokohama F. Marinos" ,
 "International Stadium Yokohama" , "横浜F・マリノス" ,
 "Pocarisweat Stadium" , "Tokushima Vortis" ,
 "Pocarisweat Stadium" , 徳島ヴォルティス ,
 "Sahlen's Stadium" , "Rochester Ravens" ,
 "Estadio Melgar" , "White Star" ,
 "North Harbour Stadium" , "New Zealand Knights" ,
 "Siliwangi" , "Persib Bandung U-21" ,
 "Poststadion" , "Berliner AK 07" ,
 "GIO Stadium Canberra" , "Canberra Cosmos FC" ,
 "The Gnoll" , "Neath" ,
 "Bahrain National Stadium" , "Al-Riffa" ,
 "Thupatemee Stadium" , "Air Force Central F.C." ,
 "Thupatemee Stadium" , แอร์ฟอร์ซ เซ็นทรัล เอฟซี ,
 "Samut Songkhram Stadium" , สมุทรสงคราม บีทียู เอฟซี ,
 "Samut Songkhram Stadium" , "Samut Songkhram BTU FC" ,
 "Frogner" , "Frigg Oslo FK" ,
 "Gandzasar Stadium" , "Gandzasar" ,
 "Vicarage Road" , "Watford F.C." ,
 "Queen Elizabeth Olympic Park" , "West Ham United" ,
 "The Stadium" , "West Ham United" ,
 "Arsenal Stadium" , "Arsenal" ,
 "Selhurst Park" , "Charlton Athletic FC" ,
 "Ergilio Hato Stadium" , "CRKSV Jong Holland" ,
 "Los Angeles Memorial Coliseum" , "San Diego Toros" ,
 "Balboa Stadium" , "San Diego Toros" ,
 "Olympic Stadium" , "Montreal Manic / Manic de Montréal" ,
 "Morton Stadium" , "Raheny United" ,
 "Los Angeles Memorial Coliseum" , "Los Angeles Wolves" ,
 "Miami Orange Bowl" , "Miami Toros" ,
 "Miami Orange Bowl" , "Miami Gatos" ,
 "Alonzo Herndon Stadium" , "Atlanta Beat" ,
 "Brisbane Road" , "Leyton Orient F.C." ,
 "Cardiff International Sports Stadium" , "Cardiff City Ladies" ,
 "Morton Stadium" , "Sporting Fingal" ,
 "StubHub Center" , "Los Angeles Sol" ,
 "Weingart Stadium" , "Los Angeles Salsa" ,
 "Poststadion" , "Minerva Berlin" ,
 "Surat Thani Stadium" , "Surat Thani FC" ,
 "Surat Thani Stadium" , สุราษฎร์ธานี เอฟซี ,
 "Changlimithang Stadium" , "Druk Pol FC" ,
 "Ergilio Hato Stadium" , "RKSV Centro Dominguito" ,
 "Qualcomm Stadium" , "San Diego Jaws" ,
 "Miami MLS Stadium" , "Miami" ,
 "Kwai Chung Sports Ground" , "Kwai Tsing" ,
 "Ergilio Hato Stadium" , "CRKSV Jong Colombia" ,
 "Vefa Stadı" , "Vefa SK" ,
 "Cotton Bowl" , "FC Dallas" ,
 "Korsvollbanen" , "Korsvoll IL" ,
 "Memorial Stadium" , "Bristol Rovers" ,
 "Soldier Field" , "Chicago Spurs" ,
 "Collinsville Soccer Complex" , "Saint Louis Athletica" ,
 "Hillsborough" , "Sheffield Wednesday" ,
 "Stadio Silvio Piola" , "Pro Vercelli" ,
 "Frankfurter Volksbank Stadion" , "FFC Frankfurt" ,
 "Desouk Stadium" , "Desouk SC" ,
 "StubHub Center" , "Chivas USA" ,
 "Olympic Stadium" , "Montreal Impact" ,
 "Olympic Stadium" , "Impact de Montréal" ,
 "Stade du Pays de Charleroi" , "RCSC" ,
 "New York City FC Stadium" , "New York City FC" ,
 "Vagharshapat City Stadium" , "Vagharshapat" ,
 "Cotton Bowl" , "Dallas Tornado" ,
 "Changlimithang Stadium" , "Druk Star FC" ,
 "Changlimithang Stadium" , "Druk United" ,
 "Gandzasar Stadium" , "Lernagorts Kapan" ,
 "The Northern Echo Arena" , "Darlington F.C." ,
 "Cape Town Stadium" , "Ajax Cape Town" ,
 "Soldier Field" , "Chicago Sting" ,
 "Chicago Stadium" , "Chicago Sting" ,
 "Queen Elizabeth II Park" , "Christchurch United AFC" ,
 "Pirelli Stadium" , "Derby County" ,
 "A. Le Coq Arena" , "FC Flora" ,
 "Fir Park Stadium" , "Gretna" ,
 "Carrow Road" , "Norwich City F.C." ,
 "Balboa Stadium" , "San Diego Flash" ,
 "Estadio Luis "Pirata" de La Fuente" , "Veracruz" ,
 "Rogers Centre" , "Toronto FC" ,
 "Selhurst Park" , "Wimbledon" ,
 "Los Angeles Memorial Coliseum" , "Los Angeles Aztecs" ,
 "Murdock Stadium" , "Los Angeles Aztecs" ,
 "Weingart Stadium" , "Los Angeles Aztecs" ,
 "Olympic sports training center Chernihiv" , "SFC Desna Chernihiv" ,
 "SAP Center at San Jose" , "San Jose Grizzlies" ,
 "GIO Stadium Canberra" , "Canberra City" ,
 "Moda Center" , "Portland Pythons" ,
 "State Stadium Batu Kawan" , "SDM Navy Kepala Batas FC" ,
 "Changlimithang Stadium" , "Dzongree F.C." ,
 "Cliftonhill Stadium" , "Albion Rovers" ,
 "Daegu Civic Stadium대구시민운동장 주경기장" , "Pohang Steelers" ,
 "Daegu Civic Stadium대구시민운동장 주경기장" , 포항 스틸러스 ,
 "Sangju Civic Stadium" , "Sangju Sangmu" ,
 "Sangju Civic Stadium" , 상주 상무 ,
 "Stade de la Route de Lorient" , "Rennes" ,
 "Suwon World Cup Stadium" , "Suwon Samsung Bluewings" ,
 "Suwon World Cup Stadium" , 수원 삼성 블루윙즈 ,
 수원월드컵경기장 , "Suwon Samsung Bluewings" ,
 수원월드컵경기장 , 수원 삼성 블루윙즈 ,
 "Ulsan Munsu Football Stadium" , "Ulsan Hyundai" ,
 "Ulsan Munsu Football Stadium" , 울산 현대 ,
 울산문수축구경기장 , "Ulsan Hyundai" ,
 울산문수축구경기장 , 울산 현대 ,
 "Vicarage Road" , "Wealdstone" ,
 "Adelaide Oval" , "Adelaide United" ,
 "Gigg Lane" , "United of Manchester" ,
 "Dinamo-Yuni Stadium" , "Dinamo Minsk" ,
 "Eduard Streltsov Stadium" , "Torpedo" ,
 "New Zenit Stadium" , "Zenit" ,
 "Kirov Stadium" , "Zenit" ,
 "The New Lawn" , "Gloucester City" ,
 "Yuexiushan Stadium" , "Guangzhou R&F" ,
 "Yuexiushan Stadium" , "Guǎngzhōu Fùlì" ,
 "Yuexiushan Stadium" , 广州富力 ,
 越秀山体育场 , "Guangzhou R&F" ,
 越秀山体育场 , "Guǎngzhōu Fùlì" ,
 越秀山体育场 , 广州富力 ,
 "Poljud" , "Hajduk Split" ,
 "Links Park" , "Montrose" ,
 "Stade Mohammed V" , "Raja Club Athletic" ,
 "Negoesco Stadium" , "San Francisco Seals" ,
 "Morton Stadium" , "Shamrock Rovers F.C." ,
 "St. Mirren Park" , "St. Mirren" ,
 "Mercedes-Benz Arena" , "VfB Stuttgart" ,
 "Stockholm Olympic Stadium" , "AIK" ,
 "Moses Mabhida Stadium" , "AmaZulu" ,
 "Thai Army Sports Stadium" , "Army United F.C." ,
 "Thai Army Sports Stadium" , อาร์มี่ ยูไนเต็ด ,
 สนามกีฬากองทัพบก , "Army United F.C." ,
 สนามกีฬากองทัพบก , อาร์มี่ ยูไนเต็ด ,
 "Dinamo-Yuni Stadium" , "FC Darida" ,
 "Trade Unions Central Stadium" , "FC Fakel Voronezh" ,
 "Teladan Stadium" , "PSMS Medan" ,
 "Balboa Stadium" , "San Diego Pumitas" ,
 "Seymour Shaw Park" , "Sutherland Sharks" ,
 "Brisbane Road" , "Tottenham Hotspur" ,
 "W. Max Finley Stadium" , "Chattanooga FC" ,
 "Dilijan City Stadium" , "Impulse FC" ,
 "Samen" , "Padideh Khorasan" ,
 "Surakul Stadium" , "Phuket FC" ,
 "Surakul Stadium" , ภูเก็ต เอฟซี ,
 "Changlimithang Stadium" , "Yeedzin FC" ,
 "Sultan Agung Stadium" , "Persiba Bantul" ,
 "Changlimithang Stadium" , "Thimphu City F.C." ,
 "O.co Coliseum" , "Oakland Clippers" ,
 "Banks's Stadium" , "Walsall Football Club" ,
 "Frankfurter Volksbank Stadion" , "FSV Frankfurt" ,
 "Miami Orange Bowl" , "Fort Lauderdale Strikers" ,
 "Stade Mohammed V" , "Wydad AC" ,
 "Cardiff International Sports Stadium" , "Cardiff Grange Harlequins" ,
 "Samen" , "Toloe Nasle Aboumoslem" ,
 "SGL arena" , "FC Augsburg" ,
 "porirua park" , "Team Wellington FC" ,
 "Royal Farms Arena" , "Baltimore Blast" ,
 "Petaling Jaya Stadium" , "FELDA United FC" ,
 "Punjab Football Stadium" , "Wohaib F.C." ,
 پنجاب اسٹیڈیم , "Wohaib F.C." ,
 "Champasak Stadium" , "SHB Champasak" ,
 "Champasak Stadium" , ເອັສເຮັສບີ ຈໍາປາສັກ ,
 "Houseman Field" , "Grand Rapids FC" ,
 "Louisville Slugger Field" , "Louisville City FC" ,
 "Orlando Citrus Bowl Stadium" , "Orlando City SC" ,
 "State Stadium Batu Kawan" , "Penang FA" ,
 "Sultan Ismail Nasiruddin Shah Stadium" , "Terengganu FA" ,
 "O.co Coliseum" , "Oakland Stompers" ,
 "Aloha Stadium" , "Team Hawaii" ,
 "Turf Moor" , "Burnley" ,
 "Pirelli Stadium" , "Burton Albion F.C." ,
 "Gigg Lane" , "Bury F.C." ,
 "Soldier Field" , "Chicago Fire" ,
 "Sports Authority Field at Mile High" , "Colorado Rapids" ,
 "Checkatrade.com Stadium" , "Crawley Town" ,
 "Selhurst Park" , "Crystal Palace" ,
 "Cliftonhill Stadium" , "Dumbarton" ,
 "Veltins-Arena" , "Schalke 04" ,
 "The New Lawn" , "Forest Green Rovers" ,
 "Gateshead International Stadium" , "Gateshead" ,
 "Cliftonhill Stadium" , "Hamilton Academical" ,
 "StubHub Center" , "LA Galaxy" ,
 "Frogner" , "Lyn" ,
 "Etihad Stadium" , "Manchester City" ,
 "Fir Park Stadium" , "Motherwell" ,
 "Stadion "Rajko Mitić"" , "Red Star Belgrade" ,
 "Stadion "Rajko Mitić"" , "FK Crvena Zvezda" ,
 "O.co Coliseum" , "San Jose Earthquakes" ,
 "Glanford Park" , "Scunthorpe United" ,
 "Roots Hall" , "Southend United" ,
 "The Britannia Stadium" , "Stoke City" ,
 "English Riviera" , "Torquay United" ,
 "Molineux" , "Wolverhampton Wanderers" ,
 "Punjab Football Stadium" , "WAPDA FC" ,
 پنجاب اسٹیڈیم , "WAPDA FC" ,
 "Don Valley Stadium" , "Parramore F.C." ,
 "Petaling Jaya Stadium" , "Harimau Malaya" ,
 "Talking Stick Resort Arena" , "Arizona Sandsharks" ,
 "Pasir Gudang Corporation Stadium" , "JDT II FC" ,
 "Centennial Park Stadium" , "SC Toronto" ,
 "Institute of Physical Education Samut Sakhon Stadium" , "TTM FC" ,
 "Institute of Physical Education Samut Sakhon Stadium" , ยาสูบ เอฟซี ,
 "Jezero Hall" , "Ekonomac" ,
 "Tuen Mun Tang Shiu Kin Sports Ground" , "Tuen Mun" ,
 "Estadio Carlos Tartiere" , "Real Oviedo" ,
 "Stadio della Roma" , "Roma" ,
 "YMCA Stadium" , "Hapoel Jerusalem F.C." ,
 "אצטדיון ימק"א" , "Hapoel Jerusalem F.C." ,
 "Iskar Stadium" , "Rilski Sportist" ,
 "Estadio Correcaminos" , "Vista Hermosa" ,
 "Frankenstadion Heilbronn" , "FC Heilbronn" ,
 "Dallow Lane" , "Luton Town" ,
 "Green Stadium" , "Hapoel Acre" ,
 איצטדיון גרין , "Hapoel Acre" ,
 "Forthbank Park" , "King's Park" ,
 "Mong Kok Stadium" , "Sun Pegasus" ,
 "Kleanthis Vikelidis Stadium" , "Aris F.C." ,
 "Wonju Stadium" , "Gangwon FC" ,
 "Wonju Stadium" , "강원 FC" ,
 "Nuuk Stadium" , "B-67" ,
 "Green Stadium" , "Hapoel Afula" ,
 איצטדיון גרין , "Hapoel Afula" ,
 "Centennial Park Stadium" , "Toronto Lynx" ,
 "Woodforest Bank Stadium" , "Houston Dutch Lions FC" ,
 "IU Michael A. Carroll Track & Soccer Stadium" , "Indy Eleven" ,
 "East River Soccer Complex" , "King's Warriors" ,
 "The Corbet Field" , "Vale Recreation" ,
 "Green Stadium" , "F.C. Nazareth Illit" ,
 איצטדיון גרין , "F.C. Nazareth Illit" ,
 "Olimpiku Stadium" , "Olimpic CF" ,
 "Qods Stadium" , "PAS Hamedan" ,
 "Qods Stadium" , پاس همدان ,
 "Mong Kok Stadium" , "Citizen" ,
 "Eugene Cross Park" , "Ebbw Vale" ,
 "Qods Stadium" , "Alvand Hamedan" ,
 "King Fahd International Stadium" , "Al-Hilal" ,
 "YMCA Stadium" , "Beitar Jerusalem F.C." ,
 "אצטדיון ימק"א" , "Beitar Jerusalem F.C." ,
 "Wonju Stadium" , "Ulsan Hyundai" ,
 "Wonju Stadium" , 울산 현대 ,
 "Bob Lucas Stadium" , "Weymouth" ,
 "Olimpiku Stadium" , "FK Partizani" ,
 "Grimsta Idrottsplats" , "IF Brommapojkarna" ,
 "Mong Kok Stadium" , "Kitchee" ,
 "Bakikhanov Stadium named after Ismat Gayibov" , "Neftchi" ,
 "TRE-FOR Park" , "OB" ,
 "Stadio Leonardo Garilli" , "Piacenza" ,
 "Estadio Nuevo Vivero" , "Badajoz" ,
 "Stade Yves Allainmat" , "Lorient" ,
 "Mika Stadium" , "Mika" ,
 ""Druzhba"" , "Dobrudja" ,
 "Centennial Park Stadium" , "Serbian White Eagles FC" ,
 "Angstrem Stadium" , "Zelenograd" ,
 "King Fahd International Stadium" , "Al-Shabab FC" ,
 "TRE-FOR Park" , "FC Fyn" ,
 "Centennial Park Stadium" , "Toronto Lady Lynx" ,
 "King Fahd International Stadium" , "Al-Nassr" ,
 "Tuja-Stadion" , "FC Ingolstadt" ,
 "Stade Olympique Yves-du-Manoir" , "Racing Colombes 92" ,
 "Mong Kok Stadium" , "Sunray Cave JC Sun Hei" ,
 "WIRSOL Rhein-Neckar-Arena" , "TSG 1899 Hoffenheim" ,
 "Nuuk Stadium" , "Nuuk IL" ,
 "Oakwell" , "Barnsley" ,
 "Al-Saada Stadium/Al-Saada Sports Complex" , "Al-Nasr S.C.S.C." ,
 "Al-Saada Stadium/Al-Saada Sports Complex" , نادي النصر الرياضي الثفافي الإجتماعي ,
 استاد السعادة\مجمع السعادة الرياضي , "Al-Nasr S.C.S.C." ,
 استاد السعادة\مجمع السعادة الرياضي , نادي النصر الرياضي الثفافي الإجتماعي ,
 "Leckview Park" , "Letterkenny Rovers" ,
 "Apple Bowl" , "Okanagan Challenge" ,
 "Tau Devi Lal Stadium" , "Amity United" ,
 "Estadio Universitario BUAP" , "Lobos BUAP" ,
 "Berkut Stadium" , "Brestnik 1948" ,
 "Suphanburi Municipality Stadium" , "Suphanburi F.C." ,
 "Suphanburi Municipality Stadium" , สุพรรณบุรี เอฟซี ,
 "Royal Athletic Park" , "Victoria Highlanders" ,
 "Tingvalla IP" , "Karlstad BK" ,
 "Stadio Euganeo" , "Atletico San Paolo Padova" ,
 "Sar-Tov Stadium" , "Maccabi Netanya" ,
 איצטדיון שר-טוב , "Maccabi Netanya" ,
 "Estadio Bernardo Gil" , "Tierra Firme" ,
 "Al-Saada Stadium/Al-Saada Sports Complex" , "Dhofar S.C.S.C." ,
 "Al-Saada Stadium/Al-Saada Sports Complex" , نادي ظفار الرياضة و الثقافة و الاجتماعي ,
 استاد السعادة\مجمع السعادة الرياضي , "Dhofar S.C.S.C." ,
 استاد السعادة\مجمع السعادة الرياضي , نادي ظفار الرياضة و الثقافة و الاجتماعي ,
 "Estadio Las Delicias" , "Santa Tecla FC" ,
 "Jinnah Sports Stadium" , "ZTBL F.C." ,
 "Geroskipou Stadium" , "Atromitos Yeroskipou" ,
 "Mashud Wisnusaputra Stadium" , "Pesik Kuningan" ,
 "Stadio Euganeo" , "Treviso" ,
 "Diekman Stadion" , "Twente" ,
 "Martyrs of February Stadium" , "Al-Ahly SC" ,
 "Martyrs of February Stadium" , النادي الأهلي ,
 "Estadio Marcelo A. Bielsa" , "Newell's Old Boys" ,
 "Tsirion Stadium" , "Aris Limassol" ,
 "Timsah Arena" , "Bursaspor" ,
 "Ronnie Brunswijkstadion" , "Inter Moengotapoe" ,
 "Tsirion Stadium" , "APEP" ,
 "KGV Park" , "Hobart Zebras" ,
 "Stade Omnisport Président Omar Bongo Ondimba" , "FC 105 Libreville" ,
 "NACK5 Stadium Omiya" , "Omiya Ardija" ,
 "NACK5 Stadium Omiya" , 大宮アルディージャ ,
 "Jinnah Sports Stadium" , "PTV F.C." ,
 "De Toekomst" , "Ajax Zaterdag" ,
 "De Toekomst" , "AFC Ajax" ,
 "Stadio Arturo Collana" , "ASD Napoli CF" ,
 "Harbin Sports City Centre Stadium" , "Harbin Yiteng" ,
 "Harbin Sports City Centre Stadium" , 哈尔滨毅腾 ,
 "Harbin Sports City Centre Stadium" , "Hā'ěrbīn Yìténg" ,
 "Aberdeen Sports Ground" , "Southern District RSA" ,
 "Estadio Bernardo Gil" , "Chepo" ,
 "KGV Park" , "Glenorchy Knights" ,
 "rewirpowerSTADION" , "TuS Bochum" ,
 "Ombilin Stadium" , "PS GAS Sawahlunto" ,
 "Palau Blaugrana" , "FC Barcelona" ,
 "Palau Blaugrana" , "Barcelona Hoquei" ,
 "Portoval" , "Krka" ,
 "Somerton Park" , "Newport County" ,
 "Stadio Nicola de Simone" , "Siracusa" ,
 "Estadio Universitario BUAP" , "Veracruz" ,
 "De Toekomst" , "Jong Ajax" ,
 "Martyrs of February Stadium" , "Al-Nasr SCSC" ,
 "Stadion Kamen Ingrada" , "NK Kamen Ingrad" ,
 "Stadion Kamen Ingrada" , "NK Papuk" ,
 "Incheon Sungui Stadium" , "Jeju United" ,
 "Incheon Sungui Stadium" , 제주 유나이티드 ,
 "New Panathinaikos Sports Complex" , "Panathinaikos" ,
 "Stadio Euganeo" , "Padova" ,
 "Espenmoos" , "St. Gallen" ,
 "Nova Gorica Sports Park" , "Gorica" ,
 "Estadio Universitario BUAP" , "Puebla" ,
 "Tingvalla IP" , "QBIK" ,
 "Nuevo Gasómetro" , "San Lorenzo" ,
 "Glenmalure Park" , "Shamrock Rovers F.C." ,
 "Stadio Picchi" , "Sydney FC" ,
 "Estadio Bernardo Gil" , "Plaza Amador" ,
 "Incheon Sungui Stadium" , "Daejeon Korail" ,
 "Incheon Sungui Stadium" , 인천 코레일 ,
 "Honneur Stadium" , "MC Oujda" ,
 "El Alcoraz" , "Huesca" ,
 "Estadio Bernardo Gil" , "Sporting San Miguelito" ,
 "Royal Athletic Park" , "Victoria United" ,
 "Stade Akid Lotfi" , "WA Tlemcen" ,
 ملعب العقيد لطفي , "WA Tlemcen" ,
 "Mies de Cozada" , "Rayo Cantabria" ,
 "Empire Field" , "Vancouver Whitecaps FC" ,
 "Rajiv Gandhi Stadium Mualpui" , "Aizawl" ,
 "Stadio Pierluigi Penzo" , "Venezia" ,
 "Marora Stadium" , "Perseru Serui" ,
 "Stadio Euganeo" , "Cittadella" ,
 "Subotica City Stadium" , "Spartak Subotica" ,
 "King Abdullah II Stadium" , "Al-Wehdat SC" ,
 "Tingvalla IP" , "Carlstad United BK" ,
 "Metalurh Stadium" , "Kryvbas Kryvyi Rih" ,
 "The Enclosed Ground" , "Whitehawk" ,
 "Stadio Pietro Fortunati" , "Pavia" ,
 "Stadio Renato Curi" , "AC Perugia" ,
 "Tsirion Stadium" , "Athlitiki Enosi Lemesou" ,
 "Tsirion Stadium" , Αθλητική Ένωση Λεμεσού ,
 "Tsirion Stadium" , "Apollon Limassol" ,
 "Sapporo Dome" , "Consadole Sapporo" ,
 "Sapporo Dome" , コンサドーレ札幌 ,
 "Swissporarena" , "FC Luzern" ,
 "Gazi-Stadion auf der Waldau" , "Stuttgarter Kickers" ,
 "Energi Viborg Arena" , "Viborg F.F." ,
 "Rodos Stadium" , "Rodos" ,
 "Gazi-Stadion auf der Waldau" , "VfB Stuttgart II" ,
 "Pizzey Park" , "Burleigh Heads Bulldogs" ,
 "Geroskipou Stadium" , "Pafos FC" ,
 "Stadio Euganeo" , "Biancoscudati Padova" ,
 "Sultan Mizan Zainal Abidin Stadium" , "Terengganu FA" ,
 "Shamkir Olympic Sport Complex Stadium" , "Shamkir FK" ,
 "CTE Cachamay" , "Mineros de Guayana" ,
 "Barbados National Stadium" , "Notre Dame SC" ,
 "Christie Park" , "Morecambe F.C." ,
 "rewirpowerSTADION" , "VfL Bochum" ,
 "Stadio Teofilo Patini" , "A.S.D. Castel di Sangro" ,
 "Rajiv Gandhi Stadium Mualpui" , "Mizoram Football Team" ,
 "Tunas Bangsa Stadium" , "PSLS Lhokseumawe" ,
